장소,리뷰수
남이섬,1242
설악산국립공원,488
정동진해변,305
레일바이크,231
경포해변,219
오죽헌,215
대관령양떼목장,204
아바이마을,193
낙산사,182
속초중앙시장,157
춘천명동닭갈비골목,149
대포항,132
통일전망대,130
경포대,129
속초해변,128
제이드가든,128
비발디파크오션월드,121
월정사,120
알펜시아스키장,119
권금성,112
신흥사,111
선교장,109
설악워터피아,109
춘천시,104
모래시계공원,103
울산바위,91
등대전망대,91
참소리축음기·에디슨과학박물관,87
대관령삼양목장,85
삼팔선,84
오션700,84
청평사,83
평창휘닉스파크스키장,83
소양호,82
묵호항,82
하슬라아트월드·피노키오미술관,79
애니메이션박물관,77
뮤지엄산,75
휘닉스스노우파크,74
낙산해변,74
하이원리조트,73
오대산국립공원,70
촛대바위,68
청초호,66
엘리시안강촌스키리조트,65
장호항,64
김유정문학촌,62
환선굴,61
척산족욕공원,61
청령포,60
엑스포타워,60
아리힐스-스카이워크,59
춘천명동거리,58
주문진해변,58
해양레일바이크,58
용평리조트,58
테디베어팜,56
한국자생식물원,55
영랑호,55
초당동순두부마을,54
하조대,54
정선레일바이크,52
테디베어박물관,52
영금정,50
오투리조트스키장,48
오색탄산온천,48
얼라이브하트,47
경포호,47
용평피크아일랜드,47
안목해변,47
주문진항,46
비룡폭포,45
동명항,45
대명비발디파크스키월드,45
춘천중앙시장,44
정동진해돋이공원,44
허브나라농원,43
상원사,40
파슈파티나트힌두사원,40
정동진시간박물관,39
추암해변,35
망상해변,34
국립춘천박물관,34
천곡황금박쥐동굴,33
울산암각화박물관,33
설악해맞이공원,33
박경리문학공원,33
구룡사,33
원조초당순두부,32
아바이마을갯배,31
정선화암굴,30
휴휴암,30
바다열차,30
죽서루,30
강문해변,30
DMZ박물관,27
쏠비치양양오션플레이,27
막국수체험박물관,25
홍천온천원탕,25
백담사,25
영월한반도지형,25
공지천,25
아라리촌,25
사천해변,23
금강굴,23
정동진조각공원,23
정선아리랑시장,23
통일공원,23
낙산사의상대,23
한지테마파크,23
화진포해변,23
비선대,22
대승폭포,22
을지전망대,22
태백산국립공원,22
구곡폭포,22
강릉중앙시장,22
황지연못,21
한솔오크밸리스키장,21
속초시립박물관,21
효석문화마을,21
(주)브라운5번가,21
춘천미술관,21
무릉계곡,21
두타산자연휴양림,20
설악케이블카,20
소양강스카이워크,20
원주소금산출렁다리,19
장릉,19
삼탄아트마인,18
설악씨네라마,18
흥정계곡,18
치악산국립공원,18
강릉단오문화관,18
아라나비체험,18
국립미천골자연휴양림,18
화암동굴,18
대관령하늘목장,17
중도관광리조트,17
태백석탄박물관,17
청동동상,17
횡성풍수원성당,16
외옹치항,16
천당폭포,16
삼화사,16
제이스키,16
오크밸리스키리조트,16
소양강처녀상,15
화진포해양박물관,15
봉포해변,15
강원도립화목원,15
석봉도자기미술관,15
수타사,15
별마로천문대,15
사천진해변,15
간현관광지,14
운암정베이커리카페,14
대청봉,14
고석정,14
천불동계곡,14
대금굴,14
알파카월드,14
웰리힐리파크,14
에티오피아한국전참전기념관,13
강원드라마갤러리,13
CGV원주,13
대관령박물관,13
강촌유원지,13
서울종가김치체험관,13
동강사진박물관,13
블루캐년,12
노동당사,12
평화의소녀상,12
강릉항요트마리나,12
커피커퍼,12
월드온천,12
범바위,12
원대리자작나무숲,12
남애항,11
고씨굴,11
방태산자연휴양림,11
천진해변,10
이효석문학관,10
두타연,10
얼음나라화천산천어축제,10
코리아인터내셔널스키스쿨,10
동강어라연,10
허균허난설헌기념관,10
화진포,10
양구선사박물관,10
조선민화박물관,9
하늬라벤더팜,9
홍천생명건강과학관,9
송지호해변,9
해신당공원,9
양구통일관,9
평창올림픽시장,9
대명비발디파크볼링장,9
철의삼각전적관,9
원주레일파크,8
CGV강릉,8
만경대,8
국립산악박물관,8
안목해변카페거리,8
검룡소,8
매봉산풍력발전단지,8
학무정,8
금당계곡,8
대관령자연휴양림,8
제4땅굴,7
조도,7
동굴신비관,7
청대산,7
용화해변,7
횡성온천,7
삼부연폭포,7
평창송어축제,7
새비재골,7
광원리은행나무숲,7
제2땅굴,7
구문소,6
365세이프타운,6
고원자연휴양림,6
평창볼링센타,6
호안다구박물관,6
철암탄광역사촌,6
용연동굴,6
새천년해안도로,6
강원도산림박물관,6
태양의후예태백세트장,6
원주역사박물관,6
하이원추추파크,6
메가박스속초,6
덕풍계곡마을,6
봉평전통시장,6
추전역,6
경포솔향온천,5
강원경찰박물관,5
CGV춘천,5
몰운대,5
월정역사,5
월드헤러터지넷워크,5
도피안사,5
동강레포츠,5
오산리선사유적박물관,5
필례약수터,5
석탄역사체험관,5
이효석문학의숲,5
책과인쇄박물관,5
용암불한증막,4
백운산자연휴양림,4
영월군김삿갓유적지,4
원주강원감영,4
젝슨빌,4
루지월드,4
강원종합박물관,4
죽도해변,4
용화산자연휴양림,4
영진해변,4
물레길,4
평화전망대(모노레일),4
가곡자연휴양림,3
미술관자작나무숲,3
춘천역관광안내소,3
평창무이예술관,3
춘천육림랜드,3
삼포해변,3
육담폭포,3
준상이네집(겨울연가촬영지),3
한탄리버스파,3
이승복기념관,3
삼척문화예술회관,3
주문진방사제,3
평창올림픽스타디움,3
한솔오크밸리골프장,3
구암갤러리,3
커피박물관,3
동해시수협수산물유통센터,3
기후변화홍보관,3
송천떡마을,2
현산공원,2
화천박물관,2
양양고속시외버스터미널,2
쌍폭포,2
원주역급수탑,2
동해상사고속,2
송원불가마,2
춘천인형극장,2
토왕성폭포,2
도사곡휴양림&야영장,2
백석폭포,2
도원유원지,2
근현대사박물관,2
강원도립대학교,2
의암스카이워크,2
발왕산,2
청옥산도깨비길,2
인제산촌민속박물관,2
주전골,2
용연사,2
나무향기한증막,2
휘닉스파크블루캐니언,2
소돌아들바위,2
치악산한증원,2
보경사우나,2
Happy초원목장,2
동아호텔목욕탕,2
무릉박물관,2
오색용소폭포,2
주문진관광안내센터,2
이효석생가,2
구봉산카페거리,2
오월리산림휴양림,2
영월곤충박물관,2
일현미술관,2
헌화로,2
안흥찐빵마을,2
삼척해상케이블카,2
물문화관(평화의댐),2
홍천테마파크,2
눈내리는겨울,1
한국앵무새학교,1
로미지안가든,1
오봉산,1
????????? ???????????,1
백덕산,1
춘천낭만시장,1
가리산,1
금학산,1
춘천삼악산호수케이블카,1
덕항산,1
국순당주향로,1
주문진고속버스종합터미널,1
토우볼링장,1
춘천마임축제,1
경포워터드림랜드,1
아리랑학교추억의박물관,1
건봉사,1
감악산,1
젊은달와이파크,1
허브황토찜질방,1
강원참숯영농조합,1
동해북평민속시장,1
플레이어스골프클럽,1
스키여행장비렌탈,1
영신24시불가마사우나,1
궁전보석사우나,1
치악산둘레길,1
아트미로공원,1
강릉독립예술극장신영,1
송정해변,1
선돌,1
휘닉스찜질방,1
안반데기,1
속초스파랜드,1
등선폭포,1
횡성향교,1
삼악산,1
태백문화예술회관대공연장,1
오션스파,1
향호,1
왕곡마을,1
국제현대미술관,1
철원종합문화복지센터,1
치악역중앙선,1
법흥사,1
세계민속악기박물관,1
묵산미술관,1
감자꽃스튜디오,1
호야지리박물관,1
강릉시립미술관,1
초곡용굴촛대바위길,1
청간정,1
유알컬처파크,1
동해문화원,1
한국스키박물관,1
연곡해변,1
횡성한얼문예박물관,1
강릉아이스아레나,1
수렴동계곡,1
순포습지,1
정선아리랑제,1
영월서부시장,1
문암해변,1
주문진등대,1
별천지박물관,1
네덜란드군참전기념비,1
삼척장미공원,1
팔봉산,1
화진포소나무숲길,1
도째비골스카이벨리,1
백마고지전적관,1
태기산,1
??????????????,1
마리소리골악기박물관,1
속초관광수산시장,1
레고랜드코리아,1
삼척해변,1
진부전통시장,1
검봉산자연휴양림,1
평창효석문화제,1
능파대,1
의야지바람마을,1
흔들바위,1
해담마을,1
양양전통시장,1
등대해변/등대해수욕장,1
남애해수욕장,1
설악산소공원,1
임해자연휴양림,1
