단어,빈도수
사람,1924
한국,1843
시간,1767
방문,1604
바다,1433
풍경,1412
겨울,1331
섬,1211
해변,1165
장소,1140
여행,1124
공원,1038
사진,962
산,896
아이,857
스키,798
생각,792
경치,783
추천,744
눈,744
위치,702
박물관,698
자연,696
버스,687
산책,678
가을,664
서울,658
속초,651
정도,649
가족,643
여름,628
주변,619
나무,612
리조트,602
관광객,589
촬영,587
길,587
가치,578
시설,576
거리,565
드라마,555
지역,540
케이블카,534
설악산,532
자전거,528
느낌,515
남이섬,513
경험,508
마을,502
춘천,499
물,490
바위,488
관광,481
환경,472
위,472
가격,471
근처,445
전망,440
음식,429
역사,426
최고,416
호수,408
호텔,407
바람,402
사원,401
체험,400
날씨,388
강릉,385
동굴,378
건물,377
도착,375
재미,374
강원도,372
시장,370
명소,364
코스,364
구경,362
일출,361
공기,353
경우,352
입장료,348
친구,348
전체,346
티켓,344
기차,341
이용,337
안,334
역,331
전망대,331
온천,316
옆,316
커피,307
해,303
맛,302
계곡,297
차,292
분위기,291
주차,290
입구,287
카페,287
보기,286
비,286
당신,283
주차장,281
식당,278
모래,277
사랑,274
앞,272
경관,272
노래,272
선택,270
도시,269
단풍,267
동해,267
해수욕장,266
매력,266
파크,265
폭포,265
하루,264
기분,260
이상,260
사용,258
전시,257
무료,253
집,251
북한,250
문화,250
봄,249
물이,249
회,245
마음,244
투어,243
목장,240
밤,240
레스토랑,240
가기,238
수도,237
아침,236
주말,234
비교,232
실제,232
일부,228
숲,227
예약,225
절,225
보트,224
인기,223
꽃,223
처음,222
하이킹,222
잎,220
내부,219
가게,219
휴식,218
정동진,218
등산,217
알,215
정상,215
양,212
강,207
시작,205
연인,203
식사,200
세계,200
공간,200
모습,199
휴가,199
배,197
전통,194
계단,193
파도,192
규모,192
활동,190
길이,190
교통,190
중국,185
이름,184
계절,184
해산물,184
낭만,184
택시,182
예술,179
흥미,179
정원,177
산책로,177
방법,176
중간,175
일반,174
등대,173
다리,173
닭갈비,172
제공,172
도로,172
관광지,170
자체,167
개인,165
경포대,165
볼거리,164
식물,164
구입,164
야외,163
설명,162
줄,161
사실,161
레일,161
울산,161
사찰,160
아래,158
상점,156
철도,154
인상,154
터널,153
축제,152
시내,152
지금,151
종류,149
가이드,149
시계,148
이동,148
커플,146
닭강정,146
한국인,146
소나무,146
쇼핑,146
영화,146
항구,146
기억,146
하늘,145
직원,143
관리,142
열차,141
터미널,141
의미,139
워터,139
대표,137
그림,137
월정사,136
마지막,136
감상,136
평창,135
서비스,135
국립,135
불,134
테마,133
포함,133
작품,133
걷기,132
명동,132
예전,132
라면,132
레일바이크,130
장면,130
바닷가,129
오후,129
힐링,128
얼음,128
속,128
찍기,127
순두부,127
외국인,126
필요,126
끝,126
기본,125
삶,125
관람,125
준비,124
경포,123
이야기,123
튀김,122
꼭대기,122
기도,122
그룹,122
비용,121
소리,121
향,121
어린이,121
테디,120
발,119
시즌,118
아바이,118
추억,118
뿐,117
간,117
워터파크,117
자주,117
선,116
먹거리,115
풀,115
실내,114
떼,114
전쟁,113
고대,113
항,113
스키장,112
해안,112
오징어,112
적,111
원주,110
물놀이,110
저녁,110
뒤,109
녹색,109
차로,109
라인,108
요금,106
언덕,106
국립공원,105
메밀,105
스타일,105
바이크,104
입장,104
색,103
뷰,103
할인,101
몸,101
전반,101
여유,101
낙산사,100
관,100
판매,100
계획,100
시도,99
자리,99
벚꽃,99
수영,98
미터,98
동물,98
관심,98
물고기,97
점심,97
놀이,97
이해,97
국내,97
현지,97
중앙시장,96
주위,96
숙박,96
시리즈,96
조각,96
운영,95
수기,95
프로젝트,95
오죽헌,95
부분,95
낚시,95
외,95
지하철,95
셔틀,94
환상,93
음식점,93
센터,93
다람쥐,92
동해안,92
주문진,92
시대,92
강릉시,92
절벽,92
확인,91
어른,91
돈,91
영어,91
태양,91
수영장,90
계속,90
삼척,90
세,90
출발,90
나미,89
기차역,89
골목,89
가평,89
치킨,89
만원,88
배경,87
기회,87
기념품,87
정보,87
왕복,87
운동,86
방,86
요리,86
숲길,86
사계절,85
트랙,85
편이,85
등반,84
정선,84
미술관,84
운,84
피,84
사이,84
소개,83
동상,83
주민,83
청평사,82
화장실,82
천원,82
평일,81
문,81
생선,80
대관령,80
파빌리온,80
교육,79
구매,79
절경,79
슬라이드,79
주의,79
장관,79
자신,79
음악,79
일몰,79
우리나라,78
팬,78
전나무,78
은행,78
현재,78
이유,78
숙소,78
과거,77
필수,77
먹이,77
조명,77
로맨틱,77
제일,77
대포항,76
정자,76
중앙,75
면,75
경로,75
연결,74
색상,74
건축,74
불상,74
트레일,74
순대,74
관련,74
방문객,73
설악,73
정류장,73
문학,73
신발,73
기대,72
갯배,72
나들이,72
별,72
두부,72
보호,72
보존,72
최근,72
자동차,71
한눈,71
데이트,71
간식,71
엔터테인먼트,71
모양,70
매년,70
나라,69
스카이,69
일단,69
면적,69
돌,69
공연,68
야생,68
죽음,68
낮,68
금성,68
인근,68
차량,67
디자인,67
객,67
당일,67
장비,67
물건,67
초보자,66
대여,66
편,66
철,66
크기,66
도보,66
안내,65
수준,65
연못,65
권장,65
한반도,65
지인,65
인공,65
불교,64
국가,64
드라이브,64
작가,64
야경,64
문제,63
건너,63
스포츠,63
행사,63
성인,63
소요,63
소녀,63
운전,63
유명,63
시기,62
손,62
대한민국,62
대신,62
대기,62
포장,62
초,62
옷,62
평화,62
통일,61
바퀴,61
제외,61
불구,61
타워,61
객실,61
위로,61
추가,61
에메랄드,61
형성,60
횟집,60
유물,60
대형,60
볶음,60
생활,60
후회,60
즐거움,60
당시,60
연애,60
발견,59
구성,59
흰색,59
실망,59
비치,59
흔적,59
남쪽,59
사이트,59
웅장,59
키,58
곰,58
보통,58
도움,58
레저,58
애니메이션,58
북쪽,58
현대,58
종일,57
양양,57
해안선,57
연가,57
옥,57
설정,57
최대,57
올림픽,57
단점,57
단체,57
장식,57
오대산,57
강촌,57
높이,56
혼자,56
맛집,56
방향,56
촛대,56
식물원,56
빛,56
실,56
대나무,55
구조,55
참고,55
케이블,55
기타,55
지형,55
기념,55
크루즈,54
유지,54
변경,54
자랑,54
바닷물,54
일본,54
언제,54
이전,54
프랑스,54
가시,54
봉우리,54
곳곳,54
감동,54
먹기,53
잔디,53
땅,53
유럽,53
기념관,53
생태,53
냄새,53
서핑,53
내용,53
경포호,53
걱정,53
외부,52
아트,52
사우나,52
사장,52
오시,52
특징,52
대게,52
제한,52
양쪽,52
지원,52
신흥사,52
운행,51
가슴,51
유리,51
새우,51
굴,51
해설,51
전시관,51
알펜시아,51
아이스크림,51
아마,51
시골,50
민속,50
바닥,50
호떡,50
김유정,50
옛날,50
모노레일,50
나중,50
개발,50
놀이기구,50
아들,50
타조,49
치악산,49
단위,49
가세,49
조성,49
지정,49
상상,49
여러가지,49
오전,49
카드,49
닭고기,49
음료,48
통과,48
수가,48
지엄,48
축음기,48
동쪽,48
탑승,48
탑,48
태백,48
입,47
허브,47
전경,47
해당,47
조선,47
지도,47
짚라인,47
치기,47
타지,47
착용,47
표,47
신사임당,47
애호가,47
상원사,47
셔틀버스,47
접근,46
지점,46
지하,46
머리,46
소양호,46
각종,46
엑스포,46
전문,46
선대,45
합리,45
한국어,45
경사,45
부처님,45
매일,45
광경,45
금정,45
고도,45
경계,45
상대,45
애비뉴,45
표시,45
스노우,45
무성,45
강추,44
영월,44
옵션,44
손님,44
종,44
요트,44
좌석,44
군사,44
석탄,44
상업,44
짚,44
남아,44
개방,44
속초시,44
철원,43
체크,43
스파,43
참조,43
망원경,43
초원,43
구역,43
춘천시,43
숍,43
안목,43
참여,43
종이,43
강원,43
도달,43
명승,43
설치,43
운치,43
밖,43
에디슨,43
색깔,43
프로그램,43
겨울철,42
주문,42
안전,42
닭,42
한잔,42
명의,42
지불,42
요즘,42
노란색,42
장원,42
패키지,42
노인,42
온도,42
내리막,42
이자,42
만족,42
모래사장,42
충격,42
이면,42
여행객,41
슬로프,41
작업,41
기간,41
동화,41
막국수,41
주택,41
국수,41
효과,41
단종,41
촌,41
사,40
선물,40
보드,40
상황,40
고속,40
힘,40
캠핑,40
감,40
전시회,40
오기,40
구름,40
공사,40
사전,39
총,39
수단,39
삼나무,39
팁,39
상의,39
편의,39
노력,39
부모님,39
암석,39
소나타,39
부두,39
호선,39
발전,39
고려,39
위안,39
월드,39
주인,39
전화,38
조형,38
아기,38
하이라이트,38
박경리,38
트레킹,38
휴일,38
해수욕,38
난,38
놀이터,38
속도,38
잔디밭,38
설경,38
연꽃,38
하룻밤,38
동시,38
동명,38
보물,37
유산,37
슈퍼,37
골프,37
모험,37
수질,37
중지,37
특성,37
일정,37
조각품,37
동반,37
미술,37
매표소,37
고향,37
태백산,37
반대편,37
대비,37
사서,37
댐,37
안개,37
열,37
안보,37
야간,36
도자기,36
주기,36
이효석,36
광,36
산들,36
건설,36
관음,36
낙산,36
밸리,36
공화국,36
단계,36
건어물,36
포인트,36
코치,36
세트,36
상태,36
중심,36
갤러리,36
적극,36
청동,36
천국,36
제주도,36
그늘,35
종유석,35
전설,35
입장권,35
온라인,35
농장,35
가능,35
남자,35
건축물,35
오션월드,35
형태,35
오르막,35
구간,35
오늘,35
비발디,35
산책길,35
청초,35
부처,34
강력,34
주소,34
감탄,34
도심,34
안쪽,34
혼잡,34
모자,34
개최,34
하우스,34
해돋이,34
오른쪽,34
피로,34
찾기,34
품질,34
목욕,34
테디베어,33
모래시계,33
묵호항,33
고급,33
살짝,33
유원지,33
휴양림,33
상징,33
국적,33
소,33
전형,33
별도,33
율곡,33
주제,33
주인공,33
책,33
학생,33
체력,33
쉬,33
로프,33
정신,33
정리,33
수행,33
의상대,33
수산시장,33
오크,33
산속,33
산림,33
킬로미터,33
밥,33
만끽,33
오징어순대,32
탄광,32
보시,32
양식,32
얼굴,32
진행,32
선교장,32
수산물,32
남한,32
기능,32
아쉬움,32
아바이순대,32
백담사,32
카메라,32
제품,32
눈길,32
초당,32
반나절,32
순간,32
새해,32
휴양지,32
해양,32
현장,31
향기,31
영역,31
올해,31
자료,31
여권,31
그녀,31
어머니,31
게임,31
노천,31
재생,31
편도,31
알파카,31
군인,31
회사,31
무리,31
마주,31
생가,31
사고,31
결정,31
상,31
대중,31
선사,30
김치,30
용평,30
삼양,30
피크닉,30
유람선,30
영화관,30
여성,30
과정,30
의자,30
썰매,30
시절,30
남녀,30
페달,30
나이,30
수집,30
수상,30
쇼,30
엄마,30
패스,30
상품,30
마련,30
군중,30
전용,30
잠수함,30
인간,30
포트,30
해발,30
동계,30
만화,30
한지,29
플랫폼,29
화천,29
피닉스,29
유적지,29
한참,29
장호항,29
자원,29
아빠,29
아내,29
비룡,29
여행지,29
빵,29
쁘띠,29
특색,29
조화,29
수목원,29
소원,29
한여름,29
조대,29
값,29
천연,29
인지,29
욕,29
유수풀,29
목초지,29
왼쪽,29
우유,29
차비,29
유아,29
방파제,29
천진,29
인형,29
오지,29
오션,29
최초,29
석탑,29
도전,29
고민,29
덕분,29
학교,29
정취,28
리뷰,28
참전,28
뻥,28
소양강,28
광장,28
만하,28
숨,28
유령,28
전시품,28
탐험,28
자녀,28
아시아,28
부산,28
환선굴,28
전국,28
방문자,28
목욕탕,28
변화,28
한강,28
관광명소,28
김,28
포토,28
서로,28
성전,27
년대,27
공항,27
파도풀,27
접근성,27
거품,27
씨앗,27
편의점,27
와이어,27
완만,27
스릴,27
유적,27
땀,27
어쨌든,27
슈,27
정비,27
선생,27
목,27
아웃,27
겨울연가,27
유료,27
컬렉션,27
작년,27
남편,27
불어,27
길가,27
피크,27
벤치,27
번잡,27
중국인,27
이도,26
스노클링,26
블루,26
방식,26
빨간색,26
정동진역,26
건강,26
다운,26
아파트,26
두운,26
연주,26
신청,26
울창,26
개장,26
검색,26
쌀,26
여가,26
고성,26
평소,26
유모차,26
추위,26
홍천,26
티비,26
부담,26
아름,26
멋,26
여기저기,26
쿨링,26
나머지,26
국제,26
발원,25
태도,25
예상,25
종합,25
선착장,25
감정,25
종료,25
황금,25
초입,25
표지판,25
지식,25
여정,25
펜션,25
연령,25
대중교통,25
라벤더,25
웹,25
밑,25
경기도,25
고객,25
매점,25
티,25
특산,25
이벤트,25
인터넷,25
고택,25
천수,25
고요,25
미니,25
기기,25
산행,25
숙박시설,25
광고,25
사방,25
영향,24
커피숍,24
곤돌라,24
가옥,24
건너편,24
젊은이,24
제안,24
설계,24
양은,24
전적,24
콘도,24
조선시대,24
여자,24
메인,24
영업,24
사항,24
번은,24
교외,24
래프팅,24
열정,24
지방,24
율곡이이,24
새벽,24
상이,24
찜질방,24
방송,24
초기,24
샤워,24
해안가,24
땅굴,24
년전,24
수십,24
언급,24
평균,24
강변,24
전시장,24
길거리,24
철판,24
재,24
대규모,24
감사,23
동네,23
노선,23
포켓몬,23
적합,23
재료,23
분단,23
캠핑장,23
감각,23
안뜰,23
고기,23
구룡사,23
탄산,23
눈사람,23
관계,23
재현,23
유배,23
소비,23
빌라,23
와우,23
통제,23
특별,23
펀치,23
밭,23
바가지,23
지폐,23
등장,23
위쪽,23
팀,23
임대,23
오색,23
산악,23
토끼,23
명물,23
파란색,23
답,23
가장자리,23
인물,23
표현,23
소설,23
낙동강,23
자유,23
며칠,23
짐,23
전기,22
횡성,22
고석정,22
브랜드,22
청량리,22
캐릭터,22
하차,22
얼마,22
가운데,22
대청봉,22
녹지,22
송어,22
더위,22
이틀,22
보람,22
승려,22
오픈,22
시민,22
긴장,22
실행,22
추적,22
최소,22
흥정,22
희귀,22
표준,22
신흥,22
최적,22
장,22
공부,22
카운터,22
산업,22
신고,22
무조건,21
매료,21
액세스,21
이지,21
집도,21
오리,21
복원,21
물회,21
요새,21
화재,21
카누,21
목적,21
에티오피아,21
행복,21
호객,21
피노키오,21
맥주,21
행위,21
금지,21
로맨스,21
깊이,21
판,21
활,21
제법,21
수프,21
식혜,21
시티,21
절약,21
존재,21
조개,21
신라,21
떡,21
국,21
산길,21
스트레스,21
지대,20
민속촌,20
벽화,20
일요일,20
트레인,20
쓰레기,20
생산,20
특정,20
산사,20
눈밭,20
상품권,20
루트,20
지구,20
바다색,20
무한,20
마크,20
튜브,20
군,20
홍보,20
통일전망대,20
금강산,20
텐트,20
정돈,20
외관,20
외국,20
강의,20
족욕,20
출구,20
건초,20
낙엽,20
피부,20
용선,20
경춘선,20
백로,20
무릉,20
어촌,20
학자,20
개울,20
재래시장,20
기사,20
현실,20
장점,20
공유,20
플레이,20
부지,20
저수지,20
경기,20
재건,19
모델링,19
사임당,19
간판,19
발생,19
분수,19
어려움,19
세상,19
풀이,19
자극,19
마차,19
삼척시,19
얘기,19
헬멧,19
비록,19
부근,19
등산로,19
예술가,19
남성,19
젓갈,19
소시지,19
노소,19
스팟,19
우산,19
만석,19
은별,19
도깨비,19
전송,19
정통,19
인정,19
흥분,19
매혹,19
아일랜드,19
사람과,19
흐름,19
평창군,19
화장품,19
막걸리,19
집들이,19
침대,19
벽,19
효율,19
당일치기,19
여행자,19
도의,19
실외,19
몰이,18
술,18
각각,18
골동품,18
소수,18
꿈,18
군대,18
김유정역,18
대가,18
한가지,18
딸,18
금강,18
요정,18
문화재,18
자기,18
리프트,18
선정,18
라운드,18
글,18
청소년,18
천문대,18
미국,18
션,18
독립,18
선장,18
기원,18
스타,18
절반,18
신,18
시야,18
시스템,18
중국어,18
과학,18
설원,18
알프스,18
햇볕,18
실향민,18
금액,18
편입,18
부부,18
핫,18
망상,18
편안함,18
다행,18
남북,18
휴게소,18
전부,18
안도,18
햇빛,18
평가,18
자작나무,18
조심,17
변,17
휠체어,17
나폴리,17
질문,17
구멍,17
인접,17
국보,17
충족,17
유형,17
인쇄,17
인생,17
불리,17
일대,17
박일,17
수온,17
메뉴,17
산맥,17
차도,17
로봇,17
대명,17
기술,17
전병,17
탈수,17
목적지,17
한쪽,17
로컬,17
포기,17
바닐라,17
활용,17
기록,17
보관,17
지리,17
키스,17
구석,17
화면,17
삼촌,17
석,17
갈비,17
덕,17
예정,17
대피소,17
이미지,17
포,17
갈색,17
마운트,17
왕,17
피해,17
통로,17
비행,17
완료,17
간격,17
이외,17
영상,17
직선,17
의류,17
견학,17
후기,17
극장,17
화가,17
장치,17
인사,17
물의,17
명산,17
갈매기,17
해외,17
번화가,17
번호,17
공주,17
부모,17
차이,17
공중,16
양도,16
대상,16
각도,16
안내소,16
해지,16
서지,16
양반,16
한화,16
이별,16
언어,16
현수교,16
상가,16
골,16
확,16
암벽,16
가로수,16
환영,16
동양,16
참으로,16
토지,16
인천,16
마찬가지,16
요청,16
태풍,16
일품,16
진입,16
초등,16
희망,16
축하,16
담,16
엽서,16
포스터,16
행시,16
시험,16
달리기,16
외곽,16
투명,16
스낵,16
시립,16
가방,16
햇살,16
자동,16
단어,16
풍력,16
최악,16
경내,16
점프,16
답변,16
숲속,16
법,16
일장,16
조직,16
청령포,16
급,16
사기,16
가로,16
집의,16
집안,16
여름철,16
정오,16
황지연못,16
애국가,16
반영,16
측면,16
개조,16
운동화,16
근교,16
메타세쿼이아,16
로프웨이,15
인파,15
죽서루,15
잡기,15
목조,15
고등학교,15
저택,15
샹양,15
조끼,15
로드,15
잘못,15
한숨,15
도중,15
인도,15
자연휴양림,15
초등학생,15
에너지,15
기준,15
치즈,15
템플,15
위험,15
비디오,15
테이블,15
비도,15
위생,15
낭비,15
신경,15
월요일,15
내년,15
내면,15
황량,15
아리랑,15
타임,15
에어컨,15
과일,15
타이,15
울타리,15
성,15
북단,15
개선,15
요소,15
성지,15
어르신,15
컨셉,15
어선,15
시각,15
칭찬,15
커버,15
트랙터,15
결혼식,15
거주지,15
이색,15
수산,15
날짜,15
사무실,15
연휴,15
물줄기,15
설,15
수의,15
화강암,15
스님,15
난이도,15
고장,15
스테이,15
대화,15
묵,15
푸드,15
그릇,14
보유,14
건립,14
설악동,14
금속,14
그네,14
장사,14
장난,14
장군,14
번역,14
번지,14
염소,14
개념,14
동부,14
취향,14
어시장,14
풀밭,14
경제,14
야채,14
통,14
조건,14
팔,14
소풍,14
후손,14
구이,14
수건,14
파노라마,14
나무숲,14
정착,14
숭배,14
간직,14
정거장,14
스피드,14
세기,14
국경,14
주니어,14
블록,14
한증막,14
분리,14
둘레길,14
분계선,14
킹,14
아픔,14
고속도로,14
구명,14
상자,14
경의,14
한겨울,14
행운,14
학습,14
유래,14
모델,14
직행,14
철새,14
외출,14
광산,14
바깥,14
대의,14
집중,14
인심,14
진정,14
화관,14
금은,14
귀족,14
자락,14
최고봉,14
서쪽,14
관찰,14
관측,14
허용,14
체인,14
도시락,13
풍습,13
상영,13
한식,13
강문,13
청소,13
갓,13
주중,13
호기심,13
구명조끼,13
심곡항,13
둘레,13
바베큐,13
아래쪽,13
유감,13
원주시,13
전세,13
호랑이,13
첫날,13
국도,13
비밀,13
시간대,13
소음,13
경이,13
현금,13
차지,13
제작,13
인력,13
수려,13
이구,13
의상,13
의사,13
가을동화,13
순환,13
낙원,13
골프장,13
투숙,13
회전,13
종교,13
유일,13
빈,13
정기,13
미소,13
선로,13
생,13
노동,13
비빔밥,13
북,13
소스,13
방갈로,13
지붕,13
선선,13
중심지,13
장터,13
배추,13
열대,13
출입,13
보수,13
보석,13
요구,13
도하,13
오토바이,13
초등학교,13
기반,13
혼란,13
돼지,13
입력,13
기지,13
잠,13
방목,13
왕국,13
작성,13
발명품,13
완비,13
볼링장,13
다양성,13
공작,13
코로나,13
상인,13
우편,13
추정,13
번성,13
우주,13
봉포,13
명상,13
할머니,13
지퍼,13
상류,12
작동,12
수평,12
횟감,12
미끄럼틀,12
상단,12
사회,12
서양,12
소양강댐,12
경사면,12
역할,12
거주,12
무덤,12
수천,12
연,12
명성,12
사려,12
사면,12
배치,12
수심,12
조각상,12
범위,12
홈스테이,12
제격,12
레이아웃,12
수도권,12
훈련,12
수로,12
적기,12
여행가,12
슈퍼마켓,12
신잡,12
불빛,12
전이,12
용평리조트,12
휴대,12
반찬,12
볶음밥,12
공짜,12
강가,12
원인,12
호박,12
모텔,12
아이디어,12
앞바다,12
울,12
향수,12
환승,12
요원,12
생물,12
구석구석,12
민박,12
미래,12
스크린,12
여러분,12
화이트,12
관습,12
화진포,12
승지,12
유교,12
전환,12
마사지,12
해적,12
마스터,12
절의,12
밀집,12
장춘,12
절감,12
자생,12
무대,12
남북한,12
트래킹,12
폐광,12
통화,12
평지,12
계산,12
진흙,12
차례,12
금,12
차선,12
가문,12
트리,12
기전,12
금광,12
당황,12
한류,12
카약,12
최대한,12
템플스테이,12
경찰,12
케이크,12
가요,12
조언,12
참가,12
가정,12
픽업,12
난방,12
동남아,12
토요일,12
뒤쪽,12
동료,12
공예품,11
등급,11
주거,11
들판,11
철제,11
철조망,11
암자,11
크리스마스,11
분도,11
악기,11
유명인,11
창문,11
결혼,11
풍차,11
동해시,11
이동해,11
의식,11
창조,11
처녀,11
마감,11
불꽃,11
심장,11
분만,11
청구,11
아버지,11
너머,11
노약,11
문화제,11
봉평,11
연중,11
춘천역,11
추암,11
욕조,11
주연,11
오염,11
촬영장,11
욕실,11
총렵,11
홍련암,11
구분,11
오토,11
방학,11
필드,11
가량,11
발해,11
주시,11
발길,11
봉제,11
용품,11
월초,11
간주,11
야영장,11
원조,11
정부,11
전골,11
녹음,11
논골,11
움직,11
과대,11
보라색,11
전투,11
하슬라,11
눈앞,11
늦가을,11
박스,11
발전기,11
무릎,11
인사동,11
수면,11
수록,11
일행,11
수년,11
동의,11
사이즈,11
렌트,11
맨손,11
껍질,11
일상,11
소실,11
소문,11
조경,11
강남,11
산소,11
일류,11
산입,11
인제,11
세부,11
걸음,11
선호,11
기운,11
살기,11
성당,11
서울역,11
삼,11
동전,11
낙산해수욕장,11
라이트,11
비즈니스,11
고생,11
비행기,11
스테이션,11
빌딩,11
금요일,11
문학관,11
롯데,11
기구,11
감자,11
이스트,11
램프,11
수영복,11
수용,11
장릉,11
랜드마크,11
돗자리,11
거울,11
일치,10
체험학습,10
지능,10
군것질,10
용산,10
요하,10
발자국,10
자가용,10
지속,10
목격,10
한정,10
지상,10
한우,10
발자취,10
궁전,10
대불,10
물가,10
이모,10
음향,10
을해,10
은행나무,10
천,10
이산,10
천년,10
이슬람,10
미만,10
한가운데,10
강도,10
묵호,10
일간,10
대회,10
민족,10
군함,10
민통선,10
민화,10
한계령,10
이하,10
무지개,10
원화,10
무시,10
창건,10
강사,10
라이브,10
야시장,10
초록색,10
산지,10
산세,10
팬션,10
고풍,10
산기슭,10
소양댐,10
까페,10
소통,10
손질,10
사의,10
사시미,10
사시,10
사색,10
파괴,10
사물함,10
수업,10
나뭇잎,10
수평선,10
수학여행,10
투자,10
섹션,10
성취,10
궤도,10
휴양,10
생기,10
생명,10
고소공포증,10
금산,10
포괄,10
서도,10
서명,10
서식,10
상상력,10
서울시,10
서클,10
상담,10
석호,10
석회암,10
기슭,10
선생님,10
기온,10
선재,10
삼면,10
통합,10
스케줄,10
스테이크,10
승리,10
가구,10
공지천,10
동생,10
양배추,10
노후,10
컵,10
보완,10
보신,10
병사,10
병,10
엘리베이터,10
친절,10
여행사,10
연극,10
연속,10
뱀,10
관도,10
강촌역,10
왕릉,10
노랑,10
공용,10
노동당,10
개통,10
남부,10
풍력발전,10
시내버스,10
테라스,10
시외버스,10
시적,10
시청,10
터렐관,10
신분,10
부품,10
내륙,10
신혼,10
탐구,10
아라리,10
타운,10
북위,10
북부,10
공식,10
장갑,10
저학년,10
좡,10
잼,10
맞은편,10
해송,10
마스크,10
할아버지,10
렌탈,10
마법,10
떡볶이,10
장벽,10
주차공간,10
정치,10
로밍,10
구사,10
록,10
장도,10
정렬,10
동행,10
구슬,10
중독,10
매장,10
조류,10
중학교,10
라운지,10
레벨,10
라이드,10
장난감,10
맵,10
죽,10
해결,10
재배,10
방지,9
드라이버,9
오솔길,9
구비,9
오제,9
방해,9
강철,9
피트,9
홍게,9
옥수수,9
온수,9
능선,9
영토,9
오렌지,9
농원,9
번의,9
축복,9
춤,9
피지,9
마트,9
전철,9
강정,9
충전,9
여분,9
베트남,9
피자,9
먼지,9
우측,9
왕조,9
초반,9
유네스코,9
철로,9
미시령,9
결제,9
구리,9
유정,9
처리,9
육지,9
주행,9
재킷,9
중단,9
찻길,9
익스트림,9
덤,9
무수,9
대만,9
광부,9
대도시,9
용화산,9
초목,9
초당동,9
전문가,9
초겨울,9
발달,9
주지,9
결과,9
대답,9
보안,9
반대,9
운전자,9
관해,9
원더,9
월일,9
국기,9
절정,9
보장,9
로고,9
소유,9
소장품,9
소품,9
곡,9
솔솔,9
송혜교,9
쇠고기,9
고구마,9
어의,9
파트너,9
젖소,9
파라솔,9
구축,9
거실,9
숯불,9
쉬엄쉬엄,9
검룡소,9
제목,9
소설가,9
패턴,9
건축가,9
기계,9
샤워실,9
상세,9
조상,9
상기,9
선박,9
레드,9
평방,9
삼림,9
편향,9
기존,9
세월,9
길목,9
페이,9
빨강,9
스냅,9
스위치백,9
프론트,9
마루,9
활성화,9
아저씨,9
아침식사,9
마무리,9
안경,9
안무,9
부자,9
도구,9
노을,9
공장,9
본질,9
마인,9
마일,9
본격,9
아래층,9
정감,9
거대,9
내의,9
스토리,9
스트림,9
슬롯,9
비어,9
토속,9
리본,9
비무장,9
근무,9
시점,9
가입,9
항목,9
브레이크,9
신사,9
프로,9
실수,9
인솔,9
공휴일,9
행정,9
잡지,9
장애인,9
찐빵,9
감영,9
장거리,9
일주일,9
모시,9
감자전,9
직진,9
한탄강,9
작용,9
모터,9
지질,9
피난처,8
부채,8
공연장,8
파티,8
홀로,8
단장,8
공예,8
학,8
안목항,8
인원,8
사이클,8
진심,8
관문,8
기적,8
유니세프,8
적멸보궁,8
솔,8
완성,8
방어,8
커피한잔,8
후예,8
성공,8
콧등,8
감흥,8
기와,8
터렐,8
식당가,8
폐교,8
가평역,8
활기,8
석양,8
은근,8
석조,8
대조영,8
대조,8
뜻,8
개월,8
시트,8
선의,8
기쁨,8
배우,8
클럽,8
약수터,8
미로,8
난민,8
짬뽕,8
뒤편,8
단오,8
증가,8
귀,8
위엄,8
기초,8
레이스,8
대리,8
광대,8
마운틴,8
관장,8
맨발,8
주전부리,8
고층,8
정문,8
요한,8
본관,8
시간표,8
공공,8
항복,8
경비원,8
모닥불,8
당나라,8
리버,8
패밀리,8
컵라면,8
산보,8
비슷,8
공개,8
양념,8
약속,8
발굴,8
산도,8
부과,8
스프링,8
감안,8
강원랜드,8
압도,8
협곡,8
편리,8
시냇물,8
산타,8
강물,8
허락,8
청평,8
뚜벅,8
레인,8
세션,8
원형,8
간의,8
컨텐츠,8
밤나무,8
복장,8
코너,8
부대,8
청호동,8
패달,8
호로,8
복합,8
페이스,8
박수,8
저장,8
북동쪽,8
음료수,8
배터리,8
불가,8
무지,8
장평,8
수제,8
규칙,8
탄생,8
이점,8
낯선,8
매운탕,8
개관,8
여객,8
조카,8
문의,8
전의,8
특유,8
별자리,8
기념비,8
식품,8
타일,8
창,8
대학,8
난간,8
연습,8
상호,8
사무소,8
탈출,8
묘사,8
화석,8
뿌리,8
돌기,8
탐방,8
인삼,8
마구간,8
무더위,8
골짜기,8
차오,8
차원,8
정전,8
독창,8
신자,8
신선,8
탈의실,8
인내심,8
연기,8
순례,8
가수,8
묘,8
충돌,8
래서,8
일반인,8
기리,8
로비,8
폐장,8
핫도그,8
서식지,8
관동팔경,8
오두막,8
최신,8
아바타,8
러브,8
사슴,8
관람객,8
칸,8
빙벽,8
농촌,8
음성,8
상승,8
예산,8
경포해수욕장,8
화,8
찜질,8
고해,7
실감,7
순수,7
사다리,7
전장,7
파도타기,7
조양호,7
깃발,7
근현대사,7
진실,7
가능성,7
백운산,7
피트니스,7
업체,7
질서,7
빙어,7
연출,7
치유,7
소위,7
여자친구,7
수량,7
오락,7
고려시대,7
김일성,7
주스,7
보라,7
발권,7
허난설헌,7
볼링,7
홍콩,7
용준,7
값어치,7
구식,7
사업,7
오세암,7
구덩이,7
용기,7
연구,7
전략,7
디저트,7
향토,7
사건,7
발상,7
공터,7
톤,7
도처,7
견해,7
침입,7
간이,7
초대형,7
검문소,7
동남아시아,7
보행,7
장마철,7
보편,7
초여름,7
자연환경,7
과자,7
어부,7
커피샵,7
단편,7
구곡,7
조물,7
임시,7
별장,7
칼국수,7
그릴,7
꽃밭,7
리뉴얼,7
와인,7
침식,7
경비,7
온몸,7
버스정류장,7
스타벅스,7
버섯,7
강조,7
눈꽃,7
다이빙,7
초상화,7
축구,7
출발점,7
경전,7
엘레베이터,7
여름날,7
소장,7
복어,7
눈썰매,7
자식,7
화랑,7
외진,7
오페라,7
경기장,7
논,7
배려,7
스트리트,7
복,7
계란,7
판문점,7
통행,7
영국,7
외로,7
다양,7
전선,7
드래곤,7
슈쿠,7
일시,7
초보,7
말레이시아,7
반환,7
메시지,7
털,7
유진,7
식구,7
찜,7
항해,7
물품,7
몬스터,7
서퍼,7
강릉역,7
책임,7
킬로,7
물속,7
의도,7
채소,7
아이템,7
대체,7
지하철역,7
클래식,7
유의,7
자매,7
형제,7
남자친구,7
비누,7
안이,7
안심,7
궁,7
부집,7
레슨,7
광어,7
미술품,7
주파수,7
콩,7
메밀전,7
안성맞춤,7
해금강,7
해질녘,7
시인,7
동산,7
극복,7
의심,7
동영상,7
장미,7
태백시,7
건조,7
이중,7
겉옷,7
쌍,7
내일,7
헤밍웨이,7
문어,7
인구,7
라이프,7
붐,7
색채,7
경고,7
불면,7
인위,7
생태학,7
문자,7
경쟁,7
서나,7
공동,7
결합,7
의지,7
활어회,7
교회,7
해운대,7
폐허,7
창고,7
플라스틱,7
기름,7
타이밍,7
샵,7
동선,7
타입,7
기념물,7
지침,7
풍수,7
기어,7
페인트,7
앞쪽,7
묘지,7
그림자,7
부꾸미,7
윈터,7
셀카,7
원시,7
뗏목,7
해물,7
소규모,7
앞뒤,7
바비큐,7
기획,7
코스트,7
산천어,7
세대,7
적임,7
대괄호,7
취소,7
바나나,7
코,7
약수,7
야합,7
하드,7
팩,7
주목,7
소로,7
승객,7
명명,7
체증,7
승차,7
운송,7
팬케이크,7
함정,7
조식,7
중학생,7
고통,7
가보,7
취급,7
부스,7
시멘트,7
알칼리성,7
고지,7
성격,7
섭씨,7
텔레비전,7
안타,7
청정,7
태평양,6
탱크,6
어묵,6
숨결,6
가의,6
신분증,6
등불,6
뷔페,6
난전,6
자율,6
뉴스,6
침,6
부엌,6
눈썰매장,6
알파,6
냄비,6
진해,6
신라시대,6
스피커,6
분열,6
투성이,6
커피집,6
농산물,6
본토,6
시부,6
황지,6
탐색,6
안흥,6
불만족,6
황진이,6
보전,6
순대집,6
양구,6
심곡,6
신석기,6
피곤,6
딸아이,6
냉각,6
봄여름가을겨울,6
황태,6
싱가포르,6
싱글,6
신비,6
치료,6
싹,6
고개,6
게스트,6
치산,6
자세,6
스탬프,6
아리마,6
캠프장,6
스튜디오,6
비경,6
아이젠,6
입맛,6
정성,6
고산,6
보도,6
정면,6
공양,6
얼룩,6
어도,6
디스플레이,6
화폐,6
공,6
비올,6
자갈,6
아주머니,6
아치,6
존경,6
게이트,6
칼,6
블로그,6
종점,6
회관,6
곱,6
양초,6
간정,6
스위트,6
어트랙션,6
콘서트,6
듣기,6
냉장고,6
부가,6
고가,6
애완,6
엔진,6
해소,6
코트,6
스킨,6
스키점프대,6
회의,6
플라워,6
보살,6
공포,6
빙폭,6
회복,6
교환,6
구층석탑,6
보행자,6
킹덤,6
지혜,6
캡처,6
실력,6
제단,6
발명,6
읍내,6
메타,6
호스텔,6
서해,6
질환,6
만족도,6
소식,6
으뜸,6
용지,6
렌즈,6
평창올림픽,6
상권,6
당사,6
일본인,6
두타산,6
상관,6
목록,6
소셜,6
의무,6
판자,6
석회동굴,6
먹방,6
국밥,6
고씨동굴,6
손성,6
왕성,6
왕실,6
손색,6
손가락,6
대포,6
의외,6
혈액,6
의암호,6
밧줄,6
제로,6
소주,6
초록,6
담당,6
요기,6
초대,6
호숫가,6
레크리에이션,6
꼬마,6
성능,6
세심,6
바다물,6
천장,6
청설모,6
철거,6
하트,6
제트,6
장안,6
위주,6
대국,6
인형극,6
위층,6
위트,6
민간인,6
설립,6
경배,6
대박,6
국민,6
고찰,6
선수,6
젤라또,6
평온,6
고원,6
선도,6
학년,6
산봉우리,6
각국,6
운무,6
산불,6
반복,6
가성,6
말씀,6
김삿갓,6
웃음,6
산악인,6
페스티벌,6
워킹,6
긴장감,6
셀,6
원정,6
완벽,6
혜택,6
고등학생,6
글씨,6
영진,6
도장,6
버전,6
상하이,6
무적,6
포플러,6
만요,6
예매,6
희생,6
생선회,6
동일,6
전원,6
조치,6
무형,6
상쾌,6
기관,6
중심부,6
오늘날,6
착체,6
교실,6
인적,6
차이점,6
역사상,6
인식,6
사가,6
중턱,6
차서,6
연락선,6
연상,6
구두,6
연안,6
나비,6
색도,6
일종,6
정지,6
표류,6
출신,6
데스크,6
춘천명동,6
단골,6
틈,6
지명,6
오죽,6
혼합,6
포즈,6
홈페이지,6
사이드,6
송지호,6
대학생,6
장기,6
찻집,6
사이클링,6
포장마차,6
후문,6
이서,6
수목,6
백담,6
상차림,6
오브,6
만남,6
조리,6
정화,6
수령,6
시원,5
서서히,5
기와집,5
평면,5
정경,5
식욕,5
제품군,5
폭설,5
설사,5
새섬,5
지급,5
조회,5
멍게,5
시외,5
상위,5
기둥,5
지평선,5
식수,5
폭풍,5
삼겹살,5
라이닝,5
샘플,5
새록새록,5
불편,5
상당,5
석상,5
폐쇄,5
기상,5
프라이드,5
조명도,5
서예,5
휴전선,5
신도,5
조미료,5
생애,5
흙,5
풍화,5
상점가,5
삼화사,5
행동,5
평생,5
감수,5
동물원,5
고성군,5
가공,5
메모리,5
고속버스,5
폭발,5
식기,5
샘물,5
공급,5
검토,5
남산,5
테스트,5
제지,5
글자,5
수수,5
정식,5
수상한,5
조정,5
효석,5
끈,5
스케이트,5
수련,5
수동,5
빌어,5
곤충,5
경매,5
수국,5
사운드,5
스키점프,5
파주,5
경도,5
고구려,5
제거,5
송승헌,5
통치,5
솔터,5
정선군,5
근접,5
품종,5
수안,5
빛과,5
수족관,5
숙제,5
낙관,5
수협,5
트렌디,5
뼈,5
순찰,5
트립,5
나발,5
고생대,5
골든,5
뻔,5
수정,5
회장,5
조합,5
수입,5
특선,5
지산,5
글라이딩,5
나물,5
수원지,5
낙후,5
사료,5
정차,5
사리탑,5
리듬,5
후반,5
사적,5
회담,5
산새,5
순,5
소년단,5
제어,5
정복,5
소금강,5
김밥,5
산위,5
자산,5
세조,5
세번,5
품목,5
소련,5
제주,5
기호,5
남애항,5
성의,5
성수,5
항의,5
뜰,5
고정,5
고전,5
기증,5
편집,5
소도,5
소망,5
장날,5
패러글라이딩,5
곡선,5
후진,5
거지,5
통나무,5
동대문,5
스트레칭,5
사쿠라,5
소의,5
비자,5
삭,5
회원,5
산골,5
제스처,5
핵심,5
제방,5
패션,5
산나물,5
겁,5
패스트,5
비옷,5
조양강,5
국전,5
자손,5
습지,5
사용자,5
노점,5
추석,5
계방산,5
다수,5
유독,5
하층,5
염원,5
다비,5
주심,5
철마,5
의견,5
철길,5
연예인,5
미취,5
유심,5
화보,5
연락,5
추암역,5
번국,5
추상,5
맛보기,5
청결,5
밀,5
밀가루,5
밀도,5
적용,5
최종,5
옛길,5
일제,5
관동별곡,5
하천,5
피톤,5
청명,5
허사,5
일주,5
베이징,5
미식,5
유통,5
카트,5
업무,5
은희,5
병풍,5
은색,5
에스컬레이터,5
마켓,5
별빛,5
협상,5
육안,5
여객선,5
미군,5
침략,5
유혹,5
유칼립투스,5
다년,5
유치원,5
대전,5
변신,5
미디어,5
과학관,5
여지,5
저항,5
여타,5
천막,5
천문,5
협회,5
짜증,5
취,5
형상,5
웨이터,5
바깥쪽,5
일광욕,5
반사,5
외설,5
가뭄,5
대고,5
외지,5
주일,5
호반,5
초등생,5
요양,5
발휘,5
반달,5
담요,5
일리,5
반대쪽,5
운전사,5
반송,5
방면,5
호흡,5
발코니,5
초과,5
발밑,5
우회,5
초가을,5
용소,5
용추,5
초가,5
관점,5
우럭,5
권유,5
계기,5
각지,5
체류,5
모형,5
웠습니,5
옹기종기,5
청춘,5
모임,5
배정,5
간장,5
하자,5
만두,5
배용준,5
국내외,5
월드컵,5
도어,5
원천,5
모퉁이,5
실패,5
대금,5
결론,5
달빛,5
바지,5
대교,5
일도,5
초점,5
워터슬라이드,5
방역,5
구별,5
일생,5
방송국,5
박제,5
초소,5
움직임,5
허균,5
두루미,5
농업,5
협정,5
의문,5
쿠폰,5
안정,5
안전모,5
이의,5
문과,5
부족,5
부처상,5
퀄리티,5
부여,5
네트워크,5
헤어,5
댄스,5
이탈리아,5
잎사귀,5
네이버,5
젊음,5
할당,5
플라잉,5
문장,5
합의,5
야드,5
이불,5
한글,5
이상은,5
앨범,5
해상,5
암초,5
노점상,5
애인,5
애기,5
코인,5
압박,5
그물,5
악의,5
이활,5
드레스,5
십년,5
탄약,5
덧신,5
탈바꿈,5
인문학,5
십분,5
황금색,5
행상,5
프로세스,5
인민,5
매표,5
한국말,5
차별,5
프로모션,5
불만,5
무슬림,5
아동,5
차림,5
무인,5
무장,5
자국,5
접시,5
무작정,5
독일,5
타도,5
등록,5
활주로,5
정가,5
아메리카노,5
냉동,5
아로마,5
마당,5
게스트하우스,5
절기,5
압축,5
만화가,5
확신,5
문화유산,5
학적,5
감성,5
주방,5
의암,5
차고,5
물리,5
진부,5
녹화,5
어머님,5
보상,5
농기구,5
줄거리,5
증기,5
언덕길,5
본인,5
양모,5
저렴,5
개성,5
교과서,5
어린시절,5
복구,5
캐리비안,5
약초,5
생략,4
조기,4
강변역,4
조각가,4
각자,4
평창동계올림픽,4
셀프,4
인프라,4
제휴,4
유치,4
생물권,4
워크샵,4
원료,4
이디오피아,4
작전,4
장통,4
창의,4
창밖,4
전과,4
중요,4
창자,4
인과,4
석순,4
소매,4
차마,4
흑옥,4
감시,4
전달,4
을지,4
책정,4
의상대사,4
장의,4
감명,4
강아지,4
소란,4
인테리어,4
중점,4
인류,4
착각,4
하류,4
흑백,4
주황색,4
융합,4
조계종,4
평행,4
우체국,4
일련,4
지각,4
체적,4
원산지,4
이북,4
한나절,4
인증샷,4
한복,4
창가,4
책임자,4
위아래,4
이승복,4
청년,4
위원회,4
생태계,4
위장,4
선전,4
유역,4
선조,4
설치미술,4
휴무,4
펜,4
재능,4
할애,4
표정,4
장애,4
제철,4
주최,4
천지,4
이사,4
선철,4
샤오,4
핸드폰,4
가곡,4
형형색색,4
성은,4
한낮,4
이마트,4
성적,4
원주역,4
형식,4
세이프,4
잠자리,4
햄버거,4
조수,4
선비,4
가마,4
집필,4
각기,4
천만,4
휴대폰,4
월말,4
인지도,4
헤엄,4
평상,4
인증,4
호강,4
유유,4
생일,4
서든,4
조사,4
세고,4
성화,4
웨이브,4
이요,4
잠수정,4
제호,4
실과,4
우상,4
품위,4
스모그,4
카카오,4
자연사,4
업로드,4
개별,4
스퀘어,4
임꺽정,4
정선일,4
지아,4
캐슬,4
통칭,4
어항,4
스탑,4
스탠드,4
피난,4
어제,4
임의,4
확보,4
어업,4
스톤,4
어드벤처,4
스틸,4
갈남항,4
간접,4
카라반,4
엘리,4
친척,4
여파,4
여탕,4
여진,4
일출로,4
순환버스,4
자의,4
숫자,4
여부,4
여명,4
숯,4
투탑,4
합류,4
여럿,4
일출명소,4
투입,4
슈안,4
장마,4
침묵,4
슈트,4
퇴역,4
가로등,4
풍경화,4
스파클링,4
정산,4
컬러,4
씨티,4
활공,4
아키텍처,4
아쿠아,4
지출,4
시티투어,4
아줌마,4
황폐,4
접촉,4
택배,4
각형,4
쏘가리,4
좌판,4
쌍안경,4
싸움,4
싱가폴,4
심플,4
프랜차이즈,4
정글,4
가로수길,4
신체,4
태기산,4
프레임,4
크리스탈,4
입지,4
양파,4
승차권,4
전화번호,4
양보,4
케어,4
가제트,4
승강장,4
켄싱턴,4
지유,4
확장,4
앵무새,4
코끼리,4
각질,4
플라자,4
토기,4
애용,4
주도,4
주간,4
한양,4
시선,4
점령,4
시세,4
자부심,4
입수,4
거부,4
화원,4
측정,4
지면,4
송,4
와플,4
와이프,4
핀란드,4
초지,4
가오,4
옹치,4
자켓,4
전세계,4
자취,4
초청,4
자판기,4
쇼핑몰,4
초콜릿,4
촉진,4
올챙이국수,4
온돌,4
홈플러스,4
파이프,4
거절,4
총탄,4
수레,4
일수,4
초장,4
전염병,4
판타지,4
우기,4
전동,4
초가집,4
주장,4
필요성,4
요점,4
후퇴,4
전복,4
요일,4
지도자,4
지류,4
필수품,4
소인,4
요가,4
작별,4
소파,4
소형,4
왕중,4
왕자,4
손길,4
판매점,4
왕새우,4
파병,4
오신,4
취미,4
전차,4
축소,4
개구리,4
열쇠,4
열기,4
수직,4
일제시대,4
전주,4
화목,4
수쿠,4
연습장,4
간현역,4
추측,4
가상,4
충분,4
화분,4
숙모,4
트럭,4
자작,4
일지,4
역사관,4
가을바다,4
거북이,4
수위,4
추첨,4
파리,4
화공,4
일원,4
정해진,4
진행중,4
조작,4
수리,4
수만,4
파로호,4
자작나무숲,4
최상,4
한식당,4
피크아일랜드,4
영하,4
화려,4
추구,4
추락,4
예배,4
예방,4
예능,4
옆쪽,4
추사,4
정체,4
수영모,4
쇠,4
아프리카,4
더덕,4
달마,4
비율,4
관광버스,4
베드,4
단호박,4
무기,4
관동,4
사리,4
고무,4
달성,4
만발,4
바구니,4
명당,4
교통량,4
부시,4
밀레니엄,4
상도,4
담장,4
민주주의,4
결심,4
바운스,4
답사,4
법원,4
반도,4
사육,4
무고,4
다중,4
분할,4
도민,4
드론,4
구가,4
박람회,4
사천,4
살이,4
막사,4
단독,4
도미,4
뒷받침,4
벗,4
산장,4
도립,4
사망,4
만이,4
다운로드,4
괴석,4
대웅전,4
대인,4
교차로,4
물색,4
물새,4
교차,4
물빛,4
별거,4
나미나라공화국,4
교차점,4
문명,4
기업,4
겉,4
교육장,4
대청,4
문서,4
경향,4
사연,4
산채,4
사상가,4
명과,4
기부,4
보름달,4
데스크탑,4
대관령면,4
말기,4
보너스,4
교체,4
산족,4
대도,4
볼일,4
매진,4
사지,4
매실,4
굴다리,4
기후변화,4
광기,4
기후,4
대시,4
대안,4
낫,4
과언,4
몽환,4
빡빡,4
산다,4
고학년,4
방석,4
놀람,4
격차,4
놀이동산,4
상하,4
분류,4
까마귀,4
농담,4
사이다,4
산기,4
분비,4
공통,4
방도,4
골목길,4
검사,4
방수,4
금대,4
냉면,4
사이사이,4
백마,4
게시,4
김정희,4
빼곡,4
레이어,4
네온,4
산만,4
백사,4
고양이,4
복용,4
방황,4
노출,4
백업,4
방탄,4
노트,4
방울,4
모래밭,4
냉소,4
목소리,4
롯,4
다비치,4
목요일,4
다도,4
다락방,4
빈번,4
벌,4
사철,4
반죽,4
마스코트,4
몽골,4
부츠,4
드핀,4
상식,4
규정,4
공정,4
반입,4
부정,4
공존,4
분포,4
몰입,4
봉사,4
고글,4
링크,4
버튼,4
눈송이,4
분야,4
구형,4
목재,4
독수리,4
디스코,4
눈치,4
목탁,4
분쟁,4
목표,4
능력,4
지진,3
돌진,3
신전,3
돌탑,3
신의,3
지장,3
지적,3
개정,3
신입,3
신지,3
독점,3
돌산,3
신호,3
독,3
지팡이,3
불평,3
직장,3
지중해,3
불친절,3
줄기,3
지용,3
드롭,3
썬크림,3
드림,3
좌회전,3
좌초,3
아가,3
분주,3
분전,3
존중,3
족욕탕,3
디자이너,3
디지털,3
조판,3
분실,3
땅콩,3
땡볕,3
떡국,3
분산,3
아마추어,3
조약돌,3
분단국가,3
라디오,3
분기,3
분교,3
분과,3
라이딩,3
아시안,3
간첩,3
주기도,3
드로잉,3
지연,3
주상절리,3
게르마늄,3
지번,3
지배,3
동기,3
지뢰,3
동력,3
동명동,3
지기,3
증오,3
증명,3
동서남북,3
동식물,3
불모,3
동심,3
중추절,3
동아시아,3
실황,3
중요성,3
간나,3
동작,3
중세,3
중대,3
심해,3
진상,3
간수,3
죽도,3
뒷산,3
진부면,3
새싹,3
진열,3
신앙,3
치마,3
스쿨,3
측은,3
취지,3
거래,3
다과,3
출장,3
가축,3
축적,3
다산,3
빅,3
스테이지,3
다슬기,3
가톨릭,3
추수,3
추세,3
최전선,3
최우수상,3
최외,3
스틱,3
비취,3
최선,3
단맛,3
총알,3
단양,3
단축,3
스프,3
스프라켓,3
비운,3
치아,3
가짜,3
친일,3
캐빈,3
콘텐츠,3
노두,3
노량진,3
코리아,3
코드,3
노천온천,3
빵집,3
컨택,3
슈카,3
컨벤션,3
슈쿠사,3
커튼,3
빛깔,3
캐비닛,3
친정,3
캐리비안베이,3
카페테리아,3
카운트,3
계승,3
눈물,3
스위스,3
침투,3
침체,3
스카프,3
침몰,3
빗,3
칠리,3
뉴욕,3
닭새우,3
슬리퍼,3
담배,3
던지기,3
대하,3
대학교,3
참전용사,3
참을성,3
분간,3
블,3
참석,3
참나무,3
참관,3
더미,3
식료품,3
찬희,3
찬물,3
차후,3
백두대간,3
식이,3
데이터,3
차단,3
짠맛,3
짜임새,3
도살,3
브,3
도서관,3
도선,3
경탄,3
도예,3
진주,3
신식,3
채광,3
채굴,3
당혹,3
시누이,3
대가족,3
대결,3
체인점,3
대곡,3
승마,3
승용차,3
체계,3
대당,3
갯수,3
시간제,3
첫사랑,3
비만,3
첨부,3
철학,3
대책,3
대별,3
철암역,3
천혜,3
천이,3
시반,3
천둥,3
비닐,3
각오,3
대중화,3
대지,3
시연,3
책자,3
비관,3
조만간,3
절안,3
조국,3
역도,3
베스트,3
연관,3
연간,3
민속놀이,3
유동,3
민물,3
유서,3
위기,3
유수,3
미용,3
미세먼지,3
미네랄,3
미끄럼,3
벽돌,3
위도,3
연등,3
웃기,3
원시림,3
원내,3
원두,3
원리,3
개국,3
연어,3
연애소설,3
바이러스,3
바다열차,3
연세,3
월리,3
바디,3
연례,3
월정리역,3
연락처,3
미궁,3
유화,3
벽지,3
의치,3
변호사,3
물살,3
별미,3
의존,3
물길,3
엠티,3
볏가을,3
미국인,3
이곡,3
병과,3
병방치,3
문화생활,3
이미현,3
에코,3
의료,3
변형,3
음식물,3
음미,3
물질,3
음력,3
여섯,3
여수,3
여신,3
여야,3
여왕,3
은퇴,3
은둔,3
여유도,3
변모,3
뮤직비디오,3
여종,3
워크숍,3
연한,3
에어,3
버라이어티,3
강점,3
뱃놀이,3
예비,3
예보,3
외로움,3
뱃속,3
버블,3
왕위,3
버선,3
밥집,3
외치,3
밤새,3
요다음,3
영혼,3
방생,3
예의,3
움막,3
백반,3
배출,3
오정,3
오프로드,3
옥상,3
온건,3
온대,3
올빼미,3
방안,3
옷가게,3
완공,3
왕래,3
방앗간,3
백화점,3
밴드,3
요물,3
요안,3
요약,3
우체통,3
우미,3
염성,3
우성,3
염,3
반점,3
열중,3
반응,3
영적,3
운남,3
운반,3
강설,3
운임,3
반납,3
범퍼카,3
우길,3
영감,3
발걸음,3
번영,3
용이,3
용연동굴,3
용산역,3
용사,3
발의,3
영웅,3
발판,3
요절,3
영월군,3
요전,3
영유,3
발행,3
영일,3
이브,3
문인,3
랜턴,3
감고,3
만오천원,3
만세,3
감기,3
전신,3
전역,3
알록달록,3
부위,3
암벽등반,3
막대,3
안팎,3
부유,3
마케팅,3
부인,3
마이너스,3
경복궁,3
전면,3
앱,3
재결합,3
장만,3
장식품,3
장애물,3
장임,3
장평동,3
애정,3
매봉산,3
감독,3
매뉴얼,3
매너,3
적도,3
전기차,3
압력,3
부상,3
쿼드,3
안식처,3
절차,3
간현,3
로커,3
정철,3
정치인,3
아쿠아리움,3
정훈,3
아케이드,3
레포츠,3
마술,3
제사,3
제시,3
레지던스,3
제의,3
제자리,3
아이언,3
북면,3
정의,3
롯데리아,3
정사,3
악화,3
리무진,3
정박,3
정동진리,3
갈망,3
리필,3
정규,3
정관루,3
부탁,3
마디,3
점유,3
부촌,3
점심시간,3
장링,3
장령,3
이승기,3
일가,3
묘미,3
인제군,3
인체,3
어종,3
인피니티,3
어우려져,3
일과,3
보살상,3
보충,3
목사,3
일방,3
일부분,3
개설,3
어류,3
어회,3
인생샷,3
장단점,3
업,3
강동면,3
이영애,3
이용권,3
문구,3
이정표,3
이주,3
이치,3
인산인해,3
무한도전,3
얼라이브,3
무색,3
인민군,3
인민폐,3
언성,3
모순,3
어깨,3
일환,3
야식,3
약자,3
메이커,3
봄철,3
잠수복,3
야영,3
메리트,3
멀티플렉스,3
임금,3
멀티,3
봉사자,3
장교,3
장기간,3
장내,3
장님,3
자재,3
면제,3
자유시장,3
양국,3
자외선,3
자비,3
본점,3
잉크,3
양양군,3
입학,3
입체,3
입증,3
갑각류,3
복지,3
모기,3
입국,3
임대료,3
쾌적,3
블리스,3
송정,3
가사,3
티켓팅,3
소라,3
프리,3
소독약,3
석불,3
관리자,3
특이점,3
특수,3
나뭇,3
수렴,3
나뭇가지,3
검은색,3
소도시,3
극성,3
소노펠리체,3
플래그,3
성분,3
극적,3
해수면,3
서프,3
파라다이스,3
해신,3
성내동,3
관세음보살,3
파전,3
꽃잎,3
파시,3
파손,3
꾸러기,3
홀리데이,3
꿀,3
소름,3
사용자이름,3
파랑,3
파란하늘,3
꿀맛,3
관목,3
석재,3
상류층,3
플래시,3
사막,3
과장,3
상사,3
항질,3
피난민,3
소가,3
수석,3
통증,3
통일신라,3
과소,3
화초,3
확대,3
통신,3
남고,3
공포증,3
확실,3
남대문,3
서버,3
남동생,3
그리스,3
산실,3
그믐,3
화요일,3
플러스,3
서태지,3
화물선,3
거처,3
성산면,3
트라이앵글,3
플레이어,3
튤립,3
서커스,3
섣달,3
소금강로,3
낙하,3
관객,3
화성,3
화암,3
상봉,3
상봉역,3
파킹,3
근방,3
상급,3
포호,3
혁신,3
교대,3
현기증,3
사전예약,3
삼각대,3
현상,3
편임,3
기품,3
폭격,3
기한,3
설악항,3
솔로,3
폭격기,3
폭염,3
솔밭,3
폭죽,3
페이지,3
평상시,3
선착순,3
상과,3
향상,3
고립,3
소프트,3
설날,3
소청,3
소화,3
포스트,3
평창읍,3
포옹,3
사진관,3
고독,3
헬리콥터,3
평이,3
평의,3
교량,3
기금,3
기관차,3
혀,3
소유자,3
협소,3
금치,3
폰,3
해초,3
해제,3
호의,3
풍류,3
팝콘,3
구름다리,3
호출,3
가드,3
풍선,3
팔각정,3
까치,3
관음보살,3
근본,3
꼬치,3
풍요,3
구문소,3
해안로,3
관할,3
호불호,3
해피,3
퍼즐,3
표면,3
페스티발,3
표본,3
행선,3
페들,3
펀,3
푯말,3
김씨,3
소송,3
송이버섯,3
산꼭대기,3
구글,3
김정은,3
광복,3
푸른빛,3
풀기,3
서리,3
낙차,3
내전,3
횡단,3
상추,3
피복,3
골드,3
효령대군,3
궁예,3
세쿼이아,3
탄산수,3
곤,3
상해,3
생동감,3
후원,3
후자,3
세찬,3
국물,3
훨,3
수확,3
내외,3
산정,3
수호,3
황혼,3
상원,3
생필품,3
회랑,3
회상,3
수풀,3
하리,3
하산,3
하얼빈,3
함경도,3
탑골,3
상지,3
회의실,3
회화,3
내생,3
샘,3
타이거,3
국립박물관,3
한용운,3
흡수,3
네비게이션,3
크림,3
한시,3
세로,3
한솔,3
색감,3
산쪽,3
고시,3
술빵,3
새삼,3
새소리,3
술집,3
고소,3
가리비,3
네덜란드,3
세이,3
고지전,3
한자,3
타구,3
한탄,3
고인돌,3
고유,3
넋,3
고위,3
한장,3
휴전,3
순서,3
세금,3
한자리,3
흉물,3
순식간,3
고용,3
학사,3
황토,3
허리,3
황어,3
수중,3
수자원,3
텍스트,3
핫스팟,3
공영,3
산호,3
성장,3
활자,3
거위,3
남서쪽,3
수유,3
상연,3
셈,3
서기,3
셋,3
터치,3
서구,3
사륜,3
환자,3
공무원,3
필자,3
공작산,3
서강,3
피부병,3
수집가,3
남해,3
필리핀,3
계해,3
사나,3
남춘천역,3
환불,3
샹양시,3
성터,3
사극,3
상용,3
행성,2
명불허전,2
한층,2
메뚜기,2
무궁화,2
향내,2
항공,2
한판,2
향교,2
자라섬,2
명절,2
행차,2
입욕,2
감회,2
행진,2
갑판,2
고리,2
해경,2
무더기,2
잡보,2
구체,2
교통체증,2
자금,2
구성원,2
국화,2
향초,2
한라산,2
강남역,2
항만,2
향연,2
이탈리안,2
장발,2
이천원,2
익사,2
이집트,2
이중성,2
향합,2
향호,2
묶음,2
이익,2
무제한,2
익일,2
명화,2
항공권,2
무선,2
잠실,2
인내,2
명칭,2
강남스타일,2
명태,2
한밤중,2
무작위,2
군부,2
무역,2
무의식,2
장로,2
구타,2
한마디,2
입술,2
구관,2
인수,2
일본어,2
해삼,2
해시계,2
모티브,2
일석이조,2
구송,2
자해,2
작곡가,2
모란,2
행락,2
명관,2
목련,2
갓길,2
일명,2
가루,2
자연미,2
구시,2
경남,2
멤버십,2
자질,2
자정,2
모바일,2
모서리,2
면허,2
모래바람,2
해석,2
멸종,2
함유,2
자장,2
모음,2
일전,2
함백산,2
모이,2
국군,2
일어,2
국경선,2
구박,2
목숨,2
작물,2
메일,2
구내,2
할복,2
잔소리,2
구급차,2
메밀막국수,2
메밀가루,2
잠기,2
입산,2
해발고도,2
고로케,2
국방,2
인연,2
구격,2
자본,2
경력,2
모니터,2
인클라인,2
일년,2
작업량,2
모듬전,2
해양스포츠,2
멕시코,2
해방,2
메트로,2
자아,2
메카,2
해이,2
해장국,2
명란젓,2
해저,2
구동,2
인터내셔널,2
명문,2
해탈,2
잉꼬,2
큐레이터,2
이율곡,2
활쏘기,2
우주선,2
우정,2
우일,2
우위,2
환율,2
반투명,2
우려,2
우동,2
우남,2
활발,2
반향,2
공상,2
용천,2
발표,2
발렛,2
용의자,2
용의,2
용연사,2
용암동굴,2
용서,2
황영조,2
용도,2
발바닥,2
욘사마,2
요팅,2
요충지,2
환대,2
확충,2
운동장,2
반석,2
월정,2
화로,2
화룡,2
월년,2
월경,2
고백,2
바윗돌,2
바이킹,2
원저우,2
원안,2
원산,2
화산,2
화살,2
화살표,2
원본,2
원가,2
결단,2
박지원,2
웅대,2
화지,2
박충원,2
화진,2
강산,2
울림,2
화채,2
황지동,2
공동체,2
이웃,2
배값,2
완화,2
완충,2
방음,2
완도,2
완다,2
완구,2
와이파이,2
옹심이,2
방한복,2
옴,2
격리,2
올갱이,2
흙길,2
황해,2
배기,2
배낭,2
흥미진진,2
온누리,2
배달,2
배롱나무,2
오하,2
오피스,2
오케스트라,2
고수동굴,2
오일장,2
오아시스,2
왕곡,2
방영,2
휴게실,2
가곡면,2
공구,2
밝기,2
밤낮,2
회색,2
공감,2
강원대학교,2
요량,2
요람,2
곰팡이,2
요담,2
요강,2
밤하늘,2
횡성군,2
외박,2
효차잎,2
곤도,2
후면,2
방랑,2
고함,2
고투,2
훌륭,2
방아,2
훼손,2
고추,2
왕산,2
고물,2
관내,2
고문,2
광해,2
현수막,2
괴암,2
의의,2
물레,2
물레길,2
물보라,2
가디건,2
현판,2
현희,2
괴물,2
의리,2
광화문,2
협조,2
홍천군,2
물소,2
물안경,2
물웅덩이,2
형님,2
광업,2
형언,2
물집,2
광안,2
물체,2
광선,2
물티슈,2
강릉항,2
현무,2
교감,2
이글루,2
이기붕,2
이용자,2
이용원,2
이용도,2
허물,2
문법,2
허탕,2
헌금,2
헌병,2
이슬비,2
이슬람교,2
이슬,2
헌신,2
이세,2
헛간,2
문제점,2
문지,2
헛걸음,2
문턱,2
문학사,2
이민,2
이무기,2
이만,2
이론,2
이레,2
물관,2
은하,2
장수,2
호가,2
미팅,2
미화,2
유리창,2
유량,2
민물고기,2
관성,2
유대,2
유니크,2
민영휘,2
민주,2
윗쪽,2
윈드,2
위협,2
홋카이도,2
믿음,2
홍길동,2
홍련,2
밀링,2
위원장,2
밑바닥,2
밑반찬,2
홍색,2
바나나보트,2
홍예문,2
웨스트,2
웨딩,2
미학,2
유사,2
광도,2
고마움,2
호리,2
호밀,2
은탁,2
뭉치,2
광각,2
뮤지컬,2
뮤직,2
융구,2
호스트,2
호스팅,2
육체,2
육군,2
호적,2
유흥가,2
호주,2
유학생,2
호화,2
미녀,2
혼,2
미숙,2
미스,2
미역국,2
관아,2
유스호스텔,2
미즈,2
감소,2
마인드,2
군사시설,2
트랩,2
청량,2
청동불,2
청국장,2
대명사,2
툇마루,2
투썸,2
투썸플레이스,2
첨가,2
낙지,2
대사,2
대산,2
낙사,2
대양,2
대욕,2
초순,2
천정,2
나트륨,2
나이트,2
트렉터,2
대원,2
천문학,2
대응,2
트릭,2
대자연,2
나시,2
천당,2
척산,2
트립어드바이저,2
청량리역,2
대륙,2
대량,2
대란,2
토방,2
토성,2
초밥,2
초롱,2
닭백숙,2
초록빛,2
토양,2
남매,2
남동쪽,2
당원,2
톱,2
체크아웃,2
남단,2
대경,2
체육관,2
날개,2
체리,2
대구,2
청평호,2
대기실,2
청조,2
난리,2
청자와,2
낚싯대,2
청어,2
낚시터,2
퇴장,2
트윈,2
대접,2
나선형,2
도감,2
도고,2
판다,2
도루묵,2
차감,2
판대역,2
찜통,2
도립대,2
도매,2
껍데기,2
쪽배,2
판잣집,2
도발,2
징후,2
팔경,2
징포,2
팔찌,2
패널,2
집성촌,2
집사람,2
집사,2
집등,2
도시화,2
도실,2
짐작,2
도약,2
도열,2
패딩,2
도계역,2
파트,2
챔피언십,2
차안,2
책임감,2
채운,2
고공,2
특혜,2
나룻배,2
티머니,2
창해,2
창의력,2
대통령,2
대폭,2
창구,2
대피,2
끝일,2
대학로,2
찻잔,2
찹쌀,2
꿈결,2
참숯,2
참선,2
참마,2
파밍,2
찬양,2
파올리,2
착취,2
차창,2
덮개,2
파출소,2
초봄,2
단풍나무,2
한나라,2
농지,2
논평,2
커뮤니티,2
너트,2
계약,2
킹콩,2
타로,2
냉탕,2
타월,2
캐리비언,2
농부,2
농악,2
타이머,2
카페베네,2
냉전,2
초월,2
누나,2
타이어,2
냉수,2
칩,2
냉대,2
타종,2
타치바나,2
침착,2
침실,2
눈살,2
탁구,2
냇가,2
내항,2
커브,2
넓이,2
커틀릿,2
커피나무,2
큐브,2
쾌속,2
콜랙션,2
콘크리트,2
콘센트,2
노동자,2
크레인,2
계정,2
코어,2
코앞,2
크로스,2
코발트색,2
코믹스,2
크루즈선,2
노암동,2
코딩,2
케익,2
클레이,2
케이,2
녹두,2
컴퓨터,2
클로스,2
녹음기,2
클릭,2
키즈,2
컨디션,2
커피점,2
눈요기,2
탄상,2
칡,2
축산,2
낭떠러지,2
추장,2
가잔,2
추움,2
가판,2
다이어트,2
가자미,2
다작,2
추방,2
터전,2
다트,2
최지우,2
최적화,2
테니스,2
테두리,2
단구동,2
테라로사,2
단기,2
남친,2
최단,2
최고급,2
단면,2
테이크,2
단시간,2
단절,2
남애,2
남설악,2
다시마,2
태희,2
칠면조,2
태산,2
내한,2
탄소,2
뉴질랜드,2
탈북자,2
탐사,2
늦봄,2
측음,2
내사,2
취학,2
취사,2
계층,2
탕등,2
다니엘,2
충성,2
태극기,2
충고,2
태마,2
출현,2
태백산맥,2
출입국,2
출입구,2
출생지,2
출생,2
다미,2
다발,2
다방,2
낮잠,2
진화,2
도정,2
진품,2
마늘,2
정연,2
정시,2
정수기,2
루프,2
정선읍,2
리셉션,2
갈대,2
리스트,2
플로,2
정당화,2
정답,2
린스,2
고래,2
정거,2
진탕,2
마늘빵,2
그루,2
마린,2
피드,2
피드백,2
점원,2
피아노,2
균일,2
균열,2
고랭,2
절집,2
마운드,2
마음속,2
극단,2
로스트,2
정책,2
정치가,2
라이브러리,2
고랑,2
근육통,2
조랑말,2
조도,2
조깅,2
근심,2
조계사,2
러시아,2
럭셔리,2
런치,2
젤리,2
경유,2
퓨전,2
제조,2
레이크,2
프라이,2
프라이팬,2
프라자,2
레지던스룸,2
근대,2
프런트,2
제나,2
프로방스,2
렌터카,2
젖,2
로망,2
귀감,2
쿨,2
귀가,2
만화영화,2
하진,2
전구,2
말리,2
말문,2
망망대해,2
저하,2
맞춤,2
매국노,2
재탄생,2
궁금,2
재정,2
재수,2
굽이,2
매미,2
재래,2
재고,2
재개발,2
재개,2
굴속,2
매월,2
장호,2
장한평,2
군현,2
군청,2
장착,2
매트,2
장작,2
하절,2
전담,2
마임,2
만평,2
마카롱,2
전투기,2
마카오,2
전통문화,2
필지,2
필터,2
핑크색,2
가물,2
전자제품,2
전자,2
하늘색,2
만가,2
만년,2
만능,2
하늘정원,2
권씨,2
권력,2
궁촌역,2
하와이,2
궁촌,2
하위,2
만인,2
전보,2
전문점,2
만점,2
전두환,2
하이원리조트,2
글귀,2
라스베가스,2
금개구리,2
지위,2
고단,2
지압,2
지수,2
경찰오토바이,2
동굴탐험,2
기인,2
평범,2
지루함,2
기약,2
지도력,2
평안도,2
지난번,2
평야,2
간과,2
지갑,2
기세,2
증상,2
증발,2
평점,2
가스,2
중흥,2
중청,2
동양화,2
고등어,2
평화로,2
동원,2
폐가,2
기차표,2
편안,2
기법,2
편성,2
김포,2
진작,2
도토리묵,2
패션쇼,2
진유,2
도피안사,2
팻말,2
퍼트,2
진리,2
진강,2
직전,2
페셔널,2
직업,2
직사,2
지휘,2
페어,2
독일인,2
길옆,2
지하수,2
지하상가,2
긴급,2
경찰차,2
페이퍼,2
돌섬,2
지질학,2
기획전,2
기황후,2
중식,2
중부,2
품격,2
기념품점,2
드립커피,2
급행,2
죄,2
들꽃,2
좌표,2
포화,2
좌절,2
좌선,2
들보,2
종착역,2
종착,2
종로,2
등재,2
폭파,2
폭풍우,2
표지,2
땅속,2
금상첨화,2
조준,2
금빛,2
푸드코트,2
푸르름,2
떡복,2
조양,2
금도,2
풀꽃,2
조선소,2
기네스북,2
드릴,2
중문,2
주둔,2
중동,2
중국산,2
중간지점,2
줄설,2
줄선,2
폐기,2
폐달,2
동치미,2
폐쇄공포증,2
동포,2
기만,2
두둑,2
주제가,2
주점,2
주유소,2
뒷마당,2
뒷문,2
주신,2
포구,2
포도,2
드라이,2
주석,2
포로,2
주문진읍,2
포스,2
주먹밥,2
주머니,2
오십천,2
작정,2
신경통,2
실현,2
실항민,2
실질,2
실정,2
실용,2
실시,2
불법,2
실생활,2
실물,2
실기,2
불지,2
신혼여행,2
신촌,2
신참,2
불하,2
신인,2
신영,2
신시,2
신선도,2
붕어빵,2
붙이,2
신부,2
불로,2
심리,2
안남,2
심야,2
북방,2
아톰,2
아토피,2
북새통,2
아크,2
아이돌,2
아우라지역,2
아미타,2
분수령,2
개점,2
아라나비,2
아가씨,2
씨름,2
쓰레기통,2
쌈,2
분홍색,2
싸인,2
불가능,2
불가사리,2
불교도,2
불기,2
신문,2
신맛,2
신뢰,2
신랑,2
비디오폰,2
시마,2
비로봉,2
시력,2
시라,2
시드,2
시네마,2
비명,2
갯배체험,2
비무장지대,2
시계공,2
비바람,2
비법,2
승하,2
비석,2
승무원,2
비선,2
비성,2
승격,2
승강기,2
슬픔,2
시범,2
시비,2
객차,2
브리핑,2
뷰티,2
브라운,2
신기면,2
브런치,2
브레드,2
브레이커,2
식품점,2
식별,2
식량,2
시행,2
시식,2
블라스터,2
시크,2
시주,2
블룸,2
시전,2
비공식,2
비난,2
시안,2
시신,2
악곡,2
안데르센,2
연곡면,2
에스케이,2
에밀리,2
에러,2
보강,2
엉망,2
업적,2
업데이트,2
업그레이드,2
업계,2
엄흥도,2
엄숙,2
얼음장,2
얻지,2
보름,2
언론,2
보스,2
보슬비,2
어치,2
보양,2
어울림,2
어민,2
보호수,2
에버랜드,2
에이커,2
부티크,2
에티켓,2
베토벤,2
역전,2
베트남인,2
개미,2
벨트,2
벽면,2
벽체,2
여주시,2
여주,2
여의도,2
여운,2
여요,2
여배우,2
변위,2
별개,2
여동생,2
여독,2
여관,2
별마로천문대,2
여개,2
에피소드,2
복도,2
복무,2
복사,2
어드바이저,2
애플리케이션,2
봉포항,2
애월,2
애완동물,2
애매,2
애국심,2
애국,2
부리,2
암웨이,2
알갱이,2
안치,2
안전벨트,2
안전교육,2
부임,2
부천,2
안성,2
안산,2
안배,2
안반,2
부침개,2
안동,2
애환,2
액면가,2
봉지,2
양구군,2
어둠,2
양털,2
양치기,2
양지,2
양옆,2
본부,2
본사,2
양말,2
양념장,2
양고기,2
앤드,2
봄날,2
약물,2
야생화,2
야생동물,2
야만,2
야구,2
봉산동,2
앵커,2
앤티크,2
비온,2
슬래브,2
갱도,2
센티미터,2
센토,2
센서,2
산재,2
세포,2
세척,2
세이버,2
세운,2
세미나,2
세리,2
세례,2
산촌,2
세단,2
세꼬시,2
세그웨이,2
건국,2
건기,2
성향,2
산토리니,2
산호초,2
성벽,2
성기,2
센트럴,2
산임,2
비위,2
산유,2
사택,2
사투리,2
삭제,2
산간,2
산국,2
소시,2
소속,2
산동,2
산등성이,2
소바,2
소모,2
산물,2
거짓말,2
산방산,2
소득,2
산성,2
소년,2
산시,2
셧다,2
산양,2
셔츠,2
성균관,2
성과,2
살롱,2
성게,2
서해안,2
서천,2
상반,2
서원,2
서예가,2
상설,2
상속,2
상순,2
상술,2
서고,2
상용차,2
샤,2
상주,2
생신,2
상품화,2
상흔,2
샌드위치,2
샌드,2
색칠,2
색조,2
색소,2
서호,2
석비,2
상등,2
삼만원,2
살수,2
섭취,2
섬강,2
설화,2
설전,2
삼각지,2
삼각형,2
삼거리,2
선크림,2
삼성,2
석회,2
선자령,2
삼엽충,2
삼중,2
삼팔선,2
선물가게,2
선데,2
선덕여왕,2
삽입,2
선글라스,2
사촌,2
소재,2
소지,2
삐끼,2
스마일,2
스노보드,2
스낵바,2
슈즈,2
쉼표,2
쉬움,2
빼,2
쉘,2
거미,2
뻘뻘,2
숨기,2
술잔,2
순환로,2
뻥뻥,2
뼈대,2
순백,2
뽕나무,2
순금,2
숙취,2
숙종,2
숙박업소,2
스시,2
스위치,2
스윙,2
비포장도로,2
스포,2
스펙,2
스페인,2
스페이스,2
스페셜,2
스펏,2
스팀,2
비트,2
비판,2
스텝,2
스자쿠,2
스테인리스,2
스테레오,2
빈곤,2
갱신,2
빈손,2
스쿠오,2
스케이트장,2
스캔들,2
빙,2
삐걱,2
숙련,2
소지품,2
사격장,2
수긍,2
수거,2
송림,2
솟대,2
솜씨,2
솔향,2
사임,2
손잡이,2
손실,2
손상,2
손발,2
손바닥,2
손도장,2
사정,2
손가락질,2
속세,2
소화도,2
사진촬영,2
검문,2
사천면,2
소진,2
수다,2
수도원,2
수라,2
수압,2
수학,2
수하물,2
수퍼,2
사냥,2
사당,2
사대부,2
사라,2
수역,2
수앤느,2
수습,2
수락산,2
수수료,2
사물,2
수선,2
수색,2
사본,2
사분,2
수립,2
사슬,2
사양,2
베이커리,2
고서,2
예외,2
오산,2
법도,2
열매,2
벌판,2
번지점프,2
번뇌,2
오라,2
버거킹,2
연말,2
오미자차,2
오봉산,2
오뎅,2
번역기,2
오감,2
법흥사,2
염색,2
연회,2
연초,2
연장,2
열풍,2
법당,2
벌레,2
오렌지색,2
염두,2
영랑동,2
오만원,2
백미,2
열망,2
강하,2
범퍼,2
영원,2
연합,2
연탄,2
번개,2
백양,2
오디오,2
외심,1
텃밭,1
남여,1
털끝,1
수육,1
납득,1
텔레비젼,1
검정,1
턴테이블,1
사례,1
텡현,1
외적,1
남은정,1
테크노,1
사드,1
남북분단,1
남탕,1
테러,1
테럴,1
테라,1
테럴관,1
수자,1
가이드북,1
수익,1
텍스처,1
검정색,1
수은,1
테이크아웃,1
테이프,1
테크,1
가인,1
외세,1
사릉,1
토박이,1
토대,1
난로,1
외모,1
통일로,1
수선화,1
난폭운전,1
난징,1
예배당,1
통째,1
통찰,1
난장,1
난산,1
수생,1
뱃머리,1
통역,1
퇴각,1
퇴근,1
퇴색,1
사발,1
사복,1
퇴적물,1
퇴직,1
퇴치,1
방류,1
투리,1
고갈,1
통영,1
외무,1
토르,1
방독면,1
토마토,1
토목,1
터보건,1
사립,1
토사,1
토산물,1
거인,1
토성면,1
남미,1
토스트,1
옆집,1
토의,1
통수,1
토이,1
토종,1
외벽,1
토호,1
사망자,1
톨비,1
사모,1
수식,1
통근,1
수수미꾸리,1
고간,1
사닥다리,1
사내,1
터보,1
숙직,1
타이타닉,1
뿜어,1
숙욕,1
타임머신,1
타임테이블,1
숙연,1
숙식,1
쁘띠프랑스,1
냇물,1
숙부,1
영화정보,1
왼손,1
삐끗,1
외환,1
탄산지,1
외형,1
숙녀,1
탄성,1
숙고,1
내층,1
탄피,1
탄흔,1
수확량,1
밤샘,1
숙초시,1
납땜,1
영화인,1
클로즈업,1
밤비,1
넝쿨,1
넙치,1
순서대로,1
키핑,1
킥복싱,1
요구르트,1
뽀독뽀독,1
뽀드득,1
너와집,1
영화관데이트,1
킹크랩,1
타격,1
뿜는,1
너비,1
요관,1
타액,1
타오바오,1
뿜뿜,1
냉정,1
뿜뿜했던,1
냉전시대,1
탈북,1
탈북민,1
수화물,1
내장산,1
낯짝,1
낯,1
사과,1
밥솥,1
태백역,1
태봉,1
태봉국,1
수탈,1
태아,1
낮밤,1
태영,1
태조,1
태종,1
낭송,1
수쿠사,1
태피스트리,1
수치,1
낙타,1
탠덤,1
사냥꾼,1
수줍음,1
납치,1
납부,1
태반,1
사공,1
내륙호,1
내빈,1
내인,1
내용물,1
탈피,1
수화,1
사격,1
외투,1
내색,1
탐욕,1
탐지,1
사계,1
영화제,1
내무반,1
탑스텐,1
밥상,1
탕강,1
수필,1
탕후루,1
탕후루집,1
태권브이,1
태극,1
검증,1
태극기휘날리며,1
외국어,1
투오,1
투시,1
패스트푸드,1
쇠사슬,1
솽,1
사이비,1
패랭이꽃,1
깃털,1
김흥국,1
패배,1
송향,1
송천,1
김치찌개,1
송정해수욕장,1
패치,1
사비,1
송정동,1
사이크,1
패티,1
김신,1
팩스,1
가열,1
김시습,1
팬션촌,1
김성은,1
송아지,1
팽창,1
팥빙수,1
팥,1
쇠줄,1
팝업,1
꼭먹여햐,1
판각,1
숍입니,1
판단,1
사유,1
숄됴,1
꼬리,1
판명,1
사유재산,1
판부면,1
깻잎,1
판자집,1
쇼타임,1
판지,1
깔때기,1
쇼케이스,1
쇼셜,1
팔각형,1
쇼부,1
팔레스타인,1
팔레트,1
사육신,1
팜플렛,1
퍼머,1
퍼블릭,1
송시열,1
펜스,1
손짓,1
사적지,1
기하,1
왕왕,1
손자뻘,1
손자,1
편암,1
왕십리,1
고깔,1
손수만,1
손수,1
기질,1
기절,1
편쪽,1
편평,1
기저,1
사절,1
기우제,1
평론가,1
기용,1
평민,1
기여,1
강판,1
펠트,1
사자암,1
송승현,1
사자,1
퍼포먼스,1
사이클론,1
펀차,1
김삿갓면,1
페니스,1
페닌슐라,1
김고은,1
페드병,1
방사제,1
페루,1
페르난도,1
페리선,1
사인,1
페션,1
강풍,1
뱃길,1
솜,1
페업상태,1
솔향기,1
왕유,1
예술인,1
솔직,1
솔숲,1
꼴,1
꽃가루,1
사월,1
나이아가라,1
나열,1
트로트,1
트롤,1
나얼,1
수리취,1
사수,1
수료식,1
외교,1
트윈룸,1
특권,1
사신,1
특별상,1
나선,1
수렵,1
수렴동,1
사심,1
수력발전,1
나무섬,1
수력,1
나무꾼,1
특집,1
사안,1
격찬,1
견과류,1
나이키,1
틈새,1
사소리,1
투썸층,1
수분,1
가이드라인,1
투어리스트,1
순위,1
수복,1
수백만,1
낙원동,1
낙석,1
낙서,1
튜빙,1
수박,1
수문,1
트래스,1
수묵화,1
트래픽,1
낙방,1
트랙백,1
낙농,1
트랜스,1
사상,1
사설,1
트렁크,1
사업가,1
나루터,1
왜가리,1
파멸,1
수녀원,1
꽃잔디,1
파사,1
파생,1
파서,1
거점,1
파스쿠치,1
파스타,1
왜구,1
파악,1
파업,1
사우스,1
파워,1
파이어,1
수구,1
파이핑,1
파인더,1
수고,1
꽃받침,1
사우스캐롤라이나,1
파충류,1
파카,1
꽃다발,1
사우,1
파리바게트,1
티끌,1
왜인,1
예서,1
티몬,1
티베트,1
나누기,1
티셔츠,1
가유,1
수락,1
티타늄,1
티타임,1
끝판,1
예수님,1
끝물,1
고교시절,1
끌기,1
끈기,1
꿩,1
왜찍엇냐,1
수도꼭지,1
사오십분,1
검열,1
수달,1
꿀떡,1
파릇초록,1
클로저,1
웹사이트,1
클렌징,1
다식,1
발항,1
축류팬,1
스테인레스,1
축사,1
비함,1
축성,1
다세,1
빅토,1
축재,1
가택,1
스탭,1
영월역,1
다복,1
스탠딩,1
빈도,1
출감,1
다반사,1
출국,1
출동,1
출몰,1
가천,1
스태프,1
출사,1
추후,1
다예,1
스태이,1
추천사,1
요추,1
다짐,1
스트라이핑,1
다주,1
추모,1
스트라이크,1
다정,1
비틀,1
다자,1
스튜,1
스톱,1
발진,1
다운타운,1
추앙,1
스톡옵션,1
추역,1
스토밍,1
영원사,1
다운동,1
추전역,1
다우,1
추진,1
스테핑,1
출산,1
빈둥빈둥,1
스트레치,1
빈혈,1
다기,1
다관,1
스키렌탈,1
스크립팅된,1
다공,1
취재,1
빌라이,1
스크램블링,1
다각,1
츄러스,1
늪지,1
측방,1
스크램블,1
스크래치,1
빔베트카,1
능이,1
치도,1
능소화,1
스쿠터,1
치묘,1
발현,1
스쿠아시,1
늑대,1
충청도,1
충전기,1
출시,1
다단계,1
다문화,1
출연,1
다례,1
스탈,1
스타트,1
출입문,1
출입통제,1
영은,1
출장소,1
출처,1
출퇴근길,1
출항,1
빈민가,1
요인,1
다독,1
스키퍼,1
빈틈,1
충무로역,1
다대포항,1
충선,1
충선왕,1
빈티,1
충실,1
최지훈,1
다홍,1
치욕,1
습도,1
당대,1
당나귀,1
당근,1
초경,1
초고추장,1
답장,1
습기,1
담쟁이,1
습관,1
담수,1
담소,1
담비,1
담벼락,1
발사,1
담력,1
욕심,1
비우기,1
슬로우,1
슬러시,1
계란프라이,1
달팽이,1
발산,1
슬래드,1
당면,1
비에케스,1
슬라이더,1
욕탕,1
용량,1
비빔국수,1
청현,1
비상식량,1
체감,1
체감온도,1
체결,1
영양가,1
승선,1
경호원,1
영양분,1
체어,1
체온,1
용궁,1
용구,1
승계,1
번역본,1
체제,1
비수,1
체취,1
대각선,1
비슷비슷,1
체포,1
욕구,1
달력,1
비탈길,1
총칭,1
단번,1
발전소,1
요크,1
비중,1
단말기,1
최고점,1
단동,1
비지니스,1
단돈,1
스파이,1
최면술,1
비처럼,1
번데기,1
스티커,1
단구,1
단거리,1
최애,1
최연희,1
스트립,1
최우수,1
비칫,1
단가,1
비탈,1
단부,1
단색,1
스피카,1
총격,1
스피드보트,1
단합,1
발열,1
스피네커,1
초이스,1
초임,1
계류,1
비음,1
단체사진,1
초중고생,1
요해,1
초지역,1
단잠,1
단일,1
초현,1
촉구,1
단원,1
발음,1
촌년,1
촌락,1
영어실력,1
촛불,1
단속,1
치안,1
느린우체통,1
뻥스크림,1
버킷리스트,1
쉴트호른,1
쉰,1
켤레,1
노지,1
노즐,1
노영,1
코다리,1
쉬이,1
버젼,1
코란,1
코레일,1
영향력,1
쉬리,1
코리아나,1
쉬는시간,1
쉬기,1
노숙,1
노상,1
영험,1
쉔,1
노부모,1
쉐콰,1
빼기,1
케이팝,1
케이스,1
코히런트,1
노크,1
요미,1
컨테이너,1
녹차,1
컨트리,1
컨티넨탈,1
슈오,1
컬러풀,1
계열,1
컬렉터,1
컬링,1
컬처,1
컴백,1
컴팩트,1
슈가,1
빻던,1
노폐물,1
케릭,1
케바케,1
케아블카,1
노파,1
슁,1
케이드,1
쉽사리,1
코티지,1
거문고,1
논란,1
퀘스트,1
뻣,1
큐트,1
네트,1
크래킹,1
크랙,1
크랩,1
버신,1
뻣던,1
크롤,1
크루아상,1
네잎클로버,1
뻣습,1
크리스,1
네일,1
요긴,1
밤바람,1
큰물,1
큰집,1
클라우드,1
클래스,1
순항,1
클램프,1
순채,1
뻘짓이,1
넷째,1
콘도르,1
퀄러티,1
콘도텔,1
요동,1
숱,1
콘셉트,1
빽,1
뺨치,1
숭숭,1
콜렉션,1
콤플렉스,1
노년기,1
노년,1
콩고,1
콩쿠르,1
쾌감,1
뻔일,1
요도,1
쿠바,1
쿠키,1
쿠퍼,1
노고,1
숨쉬기,1
노가리,1
강화도,1
컨시어,1
빡셉니,1
치장,1
빙상,1
요섭,1
스웰,1
칫솔,1
칭다오,1
칭량,1
눈병,1
카노,1
눈발,1
카누타기,1
스웨터,1
카라멜,1
눈동자,1
카레,1
카르마,1
카르복실산,1
카르스트,1
카를로스,1
카리브해,1
스웨덴,1
카쉐어링,1
스월러,1
뇌졸중,1
영진항,1
빙수,1
눈빛,1
카지노,1
밤길,1
계산기,1
스쿠버다이빙,1
치트,1
친가,1
가집,1
친목,1
스쿠버,1
스콜,1
스콘,1
스코어,1
친환경,1
스켈,1
스케쥴,1
칠판,1
빔확,1
스케일,1
침공,1
침구,1
영전,1
눈싸움,1
영지,1
침수,1
요시,1
카자흐스탄,1
스산,1
슈쿠바,1
캠프,1
요사이,1
놀음,1
캡,1
캡슐,1
빠듯해,1
커머스,1
요사,1
커밋,1
빠이,1
슈퍼맨,1
빠트리,1
슈팅,1
커페,1
가족사진,1
가족룸,1
커피가게,1
빡세,1
논의,1
논스톱,1
슈쿠시,1
논밭,1
논리,1
컨덴서등,1
스노우보드,1
캠축,1
카탈로그,1
캔버스,1
농작물,1
가죽,1
빙판,1
스모,1
농어,1
칸막이,1
스마트,1
요산,1
칼꼴,1
칼라,1
칼링,1
농민,1
빙하,1
스레딩,1
캐리어,1
스뎅,1
캐브,1
빚,1
빛강,1
농가,1
캐이블,1
캔,1
캔들,1
큰소리,1
평양,1
평사,1
광야,1
협작,1
광판,1
선사시대,1
광택,1
형광,1
형국,1
삼천원,1
광주리,1
광원,1
삼층석탑,1
선번,1
배설물,1
예입,1
형편,1
광신자,1
혜자,1
오분,1
삼포,1
호감,1
광복절,1
삼합회,1
호갱,1
호구,1
광범위,1
협약,1
협소회,1
건축사,1
협박,1
현모양처,1
선점해,1
현무암,1
삼색,1
현손,1
괴철,1
배선,1
삼십분,1
현악기,1
오해,1
가락국수,1
현재상황,1
현저,1
선인,1
현충일,1
삼양라면,1
선언,1
혈관,1
혈세,1
오버헤드,1
혐의,1
삼조,1
협력,1
호남,1
광명,1
선등,1
혹자,1
혼동,1
배열,1
관심사,1
석탄일,1
상급자,1
혼합물,1
석촌,1
상당수,1
관서,1
관상,1
석정,1
상대성,1
관망,1
홍길동전,1
홍대,1
홍대역,1
오천원,1
석봉,1
관리인,1
석방,1
홍수,1
석류,1
관리소,1
상공,1
석회석,1
광덕,1
삿포로,1
선두,1
삽임합,1
오프닝,1
배송,1
배스킨라빈스,1
호산,1
선녀,1
호세,1
가드닝,1
관중,1
관음송,1
배식,1
삿,1
선교,1
호일,1
호장,1
선경,1
선결,1
삿는데,1
호크,1
석회암동굴,1
호평,1
호포,1
삼봉,1
삼박자,1
현금영수증,1
해항,1
핵꿀잼,1
핵산,1
섭,1
섬일,1
햄,1
구글지도,1
섬유,1
섬나라,1
옥수수차,1
햇살아래,1
살얼음,1
오문,1
행렬,1
구강,1
행복감,1
살의,1
교훈,1
살인마,1
옥색,1
살인자,1
교통비,1
살해,1
행위예술,1
핵,1
섭렵,1
걸그룹,1
해파리,1
오만,1
성곽,1
고령화,1
구릉,1
해외여행,1
해우,1
오목렌즈,1
살살,1
해인,1
해일,1
해장,1
옥펜션,1
성가대,1
성가,1
해적선,1
해전,1
옥집,1
해조,1
구도,1
구내식당,1
옥중,1
해치,1
살악산,1
행적,1
건널목,1
선지,1
삼국유사,1
교양,1
선풍기,1
선포,1
건빵,1
옥계면,1
선크르즈,1
선출,1
헝겁,1
헤드,1
헤리티지,1
교사,1
교리,1
교류,1
헬기장,1
삼륜,1
헬맷,1
헬맷용,1
선창,1
헬스,1
헬스로드,1
헬스장,1
오버,1
선진국,1
선현,1
선화당,1
삼각,1
허리케인,1
가랑비,1
설빙,1
교토,1
향나무,1
설문,1
향락,1
향로,1
설마,1
옥상정원,1
향신료,1
설레임,1
향유,1
설국열차,1
향토음식,1
옥도,1
설거지,1
향후,1
허공,1
삼계탕,1
선후배,1
교전,1
허름,1
선회,1
석도,1
석가모니,1
홍합,1
회화나무,1
횟값,1
횟를,1
횟수,1
골뱅이,1
생수,1
생솔,1
생선전,1
횡포,1
횡해,1
상층,1
효능,1
상치,1
골격,1
곤봉,1
생사,1
후각,1
후고구려,1
상펑징,1
오월,1
생명체,1
곡예,1
후속,1
곡물,1
골키퍼,1
생식,1
생길슨,1
회한,1
황화,1
황후,1
공급원,1
공군,1
상장,1
회덮밥,1
회람,1
상적,1
회맛,1
공과,1
공공기관,1
상전,1
생존,1
회식,1
백마고지역,1
생인,1
오이,1
회의장,1
곰인형,1
곰배령,1
회전교차로,1
회중시계,1
회집,1
고혈압,1
후원자,1
고색,1
배회,1
새벗,1
흑체,1
고압,1
고안,1
색바랜,1
흡사,1
새벽같이,1
흡입,1
가계,1
새벽녘,1
고씨굴,1
색갈,1
흥행,1
고승,1
새치기,1
희미,1
새천년,1
희소,1
고성능,1
히터,1
히트,1
가격표,1
힐링캠프,1
고온,1
색온도,1
후유증,1
고원지대,1
배탈,1
고혈,1
생계,1
생걱,1
훈덕,1
건조기,1
샆네,1
새끼고양이,1
새똥,1
새로이,1
샌타,1
고철,1
백룡동굴,1
고참,1
샌드아트,1
고저,1
백라이트,1
고의,1
고유명사,1
오십,1
휴업,1
새마을호,1
오심,1
생활용품,1
샤라,1
상록수,1
고분,1
화이팅,1
화인,1
화장,1
가대,1
과제,1
서요,1
화제,1
화젯거리,1
배움터,1
오즈,1
서악동,1
화창,1
배율,1
상쇄,1
화천읍,1
서성,1
화탕,1
과로,1
화폭,1
화표,1
화학,1
고비,1
상수,1
과천,1
건어,1
공헌,1
화암면,1
고문서,1
오천,1
서현,1
오차,1
화궁,1
화단,1
관광열차,1
화랑도,1
상륙,1
서프라이즈,1
서포터즈,1
상모,1
관계자,1
상무,1
관계도,1
화복,1
관객수,1
배우자,1
배움,1
상반기,1
서전,1
서적,1
오진,1
확립,1
서빙,1
샤문,1
샹산,1
공산혁명,1
공산당,1
샷틀,1
공복,1
황골,1
상업시설,1
황금박쥐,1
공모,1
공명,1
황룡,1
황사,1
황상,1
황새,1
황색,1
샨린,1
샤터,1
황제,1
공립,1
오사카,1
공룡능선,1
황지천,1
공룡,1
황천,1
샹,1
상어,1
배자,1
가관,1
서부,1
오주,1
확정,1
서론,1
확행,1
상시,1
환경호르몬,1
서라운드,1
상실,1
서너,1
환선,1
공자,1
공예원,1
상아,1
환원,1
서까래,1
배차,1
환전,1
환호,1
공업,1
활강,1
공수,1
공상가,1
구미,1
배너,1
성남,1
근원,1
풍부,1
산림청,1
소박,1
풍수원성당,1
백옥,1
산마루,1
오대천,1
풍토,1
근로자,1
소멸,1
방충,1
근로,1
소만,1
와전,1
근대사,1
프랑스어,1
산바람,1
소련군,1
프레이밍,1
근거,1
프레첼,1
프렌차이즈,1
극한,1
소비자,1
소서,1
극찬,1
풍기,1
소양감,1
금맥,1
소아,1
푸딩,1
방전,1
방조제,1
산낙지,1
소수점,1
풀길,1
방출,1
소셜미디어,1
풀빵,1
금고,1
백일장,1
품경,1
소세지,1
품세,1
금강대교,1
품절,1
글램핑,1
글라스,1
산들바람,1
오대,1
극치,1
방치,1
표찰,1
플립,1
그림책,1
피겨,1
피겨스케이팅,1
산아,1
소고기,1
산악자전거,1
피난소,1
그리기,1
고래사냥,1
소감,1
산암,1
셴,1
그래픽,1
셨습니,1
그대,1
셨는데,1
방패,1
피안,1
귤,1
셜,1
피치,1
와사비,1
산업화,1
플스,1
소금물,1
극지,1
소나기,1
소란스러움,1
프로토,1
프로토콜,1
프로파일,1
프로필,1
산봉,1
프론티어,1
프롬프트,1
프리미엄,1
프리스트,1
프린터,1
프링글스,1
극작가,1
산뷰,1
극대,1
소담,1
와이퍼,1
오두막집,1
플래카드,1
플랙스,1
산수,1
방태산,1
그물침대,1
백일홍,1
방위,1
피크타임,1
방언,1
사진전,1
예행,1
폐기물,1
왕권,1
폐망,1
기물,1
소포,1
폐액,1
폐역,1
왕궁,1
폐지,1
폐해,1
기름기,1
기름값,1
기러기,1
소쿠리,1
기독교,1
소초면,1
포도주,1
포도청,1
포드,1
포레버,1
소청봉,1
기별,1
평화의댐,1
소책자,1
사진작가,1
손목,1
기숙사,1
평수,1
평안,1
손맛,1
왕산면,1
청평댐,1
왕산로,1
손녀,1
사제,1
기성,1
예제,1
평준화,1
기선,1
평찬,1
사주,1
기생충,1
속초의료원,1
사진가,1
예측,1
사진사,1
평행선,1
기보,1
포말,1
기니피그,1
사흘,1
폭발물,1
폭언,1
사탕,1
완행열차,1
백제,1
급경사,1
폭포수,1
사파이어,1
사학,1
소용,1
폴더,1
폴드,1
폼,1
퐁경,1
금진항,1
표기,1
금융,1
사향노루,1
사후,1
금식,1
표적,1
금속활자,1
금색,1
표준화,1
급류,1
급수,1
백합,1
소이,1
포스팅,1
백조,1
왕게,1
포일,1
기념일,1
포장도로,1
사천천,1
포정,1
포주,1
소정,1
포차,1
포착,1
포천,1
포츠,1
기교,1
포탄,1
포털,1
소재지,1
긍정,1
급행열차,1
옛적,1
사천해,1
소입,1
산위끼,1
귓전,1
살라,1
국산,1
겨울철새,1
할리스,1
할리스커피,1
국밥집,1
섶다리,1
할부,1
국민은행,1
성황,1
가리개,1
함각,1
산토,1
함량,1
함루,1
함박,1
성현,1
함선,1
함애,1
배급,1
함점,1
성풍,1
함초,1
함축,1
함환선굴,1
한효주,1
세가족,1
합당,1
국순당,1
군밤,1
군민,1
군락,1
군단,1
국회의장,1
올리브,1
올레길,1
한유,1
한의원,1
올드,1
산탄,1
국토,1
오륜기,1
한적,1
국제화,1
국제항,1
국정감사,1
국자,1
국유재산,1
한철,1
한청,1
산택하,1
백숙,1
합격,1
합동,1
한송,1
살곳,1
고령자,1
구의,1
해당화,1
구월,1
해마,1
구원,1
해물짬뽕,1
구심,1
성삼문,1
성사,1
성불,1
해산,1
오리온,1
성립,1
성도,1
살때,1
구석기,1
해성,1
구색,1
구상,1
성단,1
구봉산,1
가려움,1
해고,1
구절,1
고령,1
구제,1
오름,1
합병,1
합산,1
국경일,1
합치,1
성질,1
구획,1
핫떡,1
산행객,1
핫초코,1
성준,1
온돌방,1
산화,1
항공기,1
산회,1
살겸,1
구현,1
성우,1
성용,1
항적,1
성시경,1
구조원,1
항회,1
한술,1
한산,1
피톤치드,1
옷차림,1
하단,1
센싱라,1
권리,1
하루아침,1
센스,1
권고,1
센세이션,1
하선,1
하수도,1
하순,1
방한,1
하얀색,1
세훈,1
백양리역,1
세팅,1
산전,1
하의,1
하이네켄,1
세탁물,1
오락실,1
궁리,1
궁금증,1
세차,1
옷가지,1
옹,1
하지원,1
하느님,1
귓가,1
귀환,1
귀틀집,1
귀주,1
귀신,1
핀잔,1
귀국,1
필름,1
셔터,1
방풍,1
셔서특,1
필연,1
권한,1
권투,1
셔버스,1
필체,1
산융,1
방풍림,1
하나님,1
하나카드,1
하나투어,1
하네스,1
하노이,1
하중,1
세지,1
군복,1
한결,1
세스코,1
가림,1
군장,1
한국사,1
군자역,1
산차,1
군용,1
한글날,1
한길,1
산채정식,1
한나산,1
군수,1
군생활,1
걸이,1
한도,1
세밀,1
한량,1
군사분계선,1
올챙이,1
한몫,1
세면대,1
세면,1
한보,1
한계,1
군포,1
세인,1
세시,1
궁극,1
궁궐,1
하키,1
세이브,1
굴피집,1
굴피,1
굴절,1
학도,1
학무,1
학부모,1
오랑캐,1
산줄기,1
학술,1
굴봉산역,1
학습장,1
학업,1
굴렁쇠굴리기,1
굴뚝,1
학창,1
학창시절,1
밭일,1
한가위,1
굴곡,1
청평리,1
청옥산,1
대꾸,1
볼륨,1
명목,1
명맥,1
자선,1
자성,1
명령,1
양동,1
명동역,1
경단,1
볼록렌즈,1
명도,1
원로,1
자연석,1
대년,1
자연현상,1
양극,1
양귀비꽃,1
양궁,1
양구읍,1
자원봉사,1
자원봉사자,1
자위,1
면화,1
면허증,1
원도,1
양륙,1
박동,1
게임기,1
자발,1
양상추,1
자갈길,1
자갈밭,1
명장,1
명일,1
양산,1
명인,1
명예,1
명언,1
명실,1
자라,1
원룸,1
명수,1
명세서,1
자로,1
명세,1
자루,1
본연,1
자릿세,1
자만,1
양반전,1
자모,1
자미,1
자이언트,1
양강,1
면역,1
봄꽃,1
원더풀,1
약소국,1
약분,1
연재,1
작업실,1
작업장,1
약도,1
메이트,1
새우깡,1
봄바람,1
잔돈,1
메이드,1
메서드,1
잔설,1
야자나무,1
잔치,1
잔해,1
야유회,1
야욕,1
야외스파,1
잠바,1
개시,1
야영지,1
작법,1
멘탈,1
면세,1
멘트,1
개성시,1
얀촌,1
면목,1
약품,1
자제,1
면도,1
자주색,1
자증,1
볼트,1
자차,1
자차외,1
며느리,1
멧돼지,1
자치,1
자칭,1
약재,1
자쿠지,1
자태,1
멜론,1
약시,1
자형,1
멜로디,1
볼품,1
양소,1
자가,1
연잎,1
바트,1
모형도,1
일상생활,1
모피,1
일석,1
어린이집,1
일선,1
어린이날,1
모조품,1
일식,1
일식집,1
보호자,1
일연,1
모조,1
어름,1
일인,1
모의,1
복고,1
원스톱,1
모유,1
일제강점기,1
원수,1
일조,1
모션,1
일부인,1
목격자,1
모색,1
일본제,1
어스름,1
일꾼,1
어스,1
보탬,1
어보,1
일대기,1
목성,1
목선,1
일렬,1
일로,1
벙어리,1
일률,1
목발,1
어미,1
목말,1
일박,1
일박이일,1
어뮤즈먼트,1
어물,1
보통사람,1
목도리,1
보편화,1
목관,1
어레이,1
모방,1
명판,1
임진각,1
입가심,1
모닝,1
복주,1
입당,1
모니터링,1
양털깎기,1
양태,1
양키,1
입시,1
원반,1
입자,1
양천,1
모국,1
본가,1
입접,1
원만,1
양조,1
입찰,1
양은별,1
입체영화,1
본과,1
원마운트,1
본보기,1
모닝콜,1
모드,1
일직선,1
임신,1
일차,1
어드벤쳐,1
모래알,1
원성,1
일층,1
바티칸,1
연암,1
어구,1
일화,1
어가,1
일회용,1
임계,1
복위,1
모듬회,1
양호,1
양평,1
임도,1
임로,1
임명,1
임무,1
임부,1
임산부,1
모듬,1
메모,1
봅슬레이,1
야심,1
저장성,1
부르주아,1
망중,1
망은,1
저항력,1
감별,1
적갈색,1
적격,1
적광,1
망상역,1
부르주아지,1
적대,1
앞마당,1
망라,1
적발,1
적벽,1
적봉,1
적색,1
맑음,1
적의,1
말투,1
적재,1
말일,1
전갈,1
망치,1
애견,1
말사,1
저자,1
부녀회,1
재차,1
부동,1
매그놀리아,1
재화,1
재활용,1
잭슨,1
잭슨빌,1
박진,1
잿더미,1
저가,1
저건,1
저격,1
저급,1
매국,1
저녁때,1
저녁식사,1
매개,1
저릅집,1
저명,1
저수량,1
맞춤법,1
저온,1
전개,1
앞뜰,1
재인,1
전류,1
부서,1
부설,1
전무,1
박찬호,1
만장일치,1
전문의,1
부속,1
전박,1
감나무,1
전방,1
만자,1
암산,1
암벽타기,1
부슬비,1
전북함,1
전산,1
만월산,1
알펜시아리조트,1
전성기,1
부실,1
알판,1
부어,1
부역,1
만족감,1
전례,1
전공,1
전력,1
연평,1
전광,1
개업,1
말렛,1
말단,1
전기자동차,1
앙상블,1
부메랑,1
전단지,1
압시,1
압수,1
전당,1
전대,1
전도,1
부문,1
전동차,1
암흑,1
전라남도,1
전라도,1
전라북도,1
전란,1
전람회,1
만주,1
재임,1
재위,1
봉래산,1
연지,1
장담,1
머신,1
장량,1
봉은사,1
장례,1
봉정,1
머릿속,1
박영석,1
머릿결,1
머리카락,1
앤젤레스,1
맹세,1
장문,1
맹방,1
장바구니,1
앤디,1
장백산,1
맹렬,1
장변,1
장병,1
장보기,1
맨해튼,1
맨체스터,1
워터월드,1
장능,1
장삿속,1
봉산,1
잡념,1
잡담,1
잡목,1
원대,1
잡상인,1
잡석,1
메달,1
잣나무,1
잣통,1
메가박스,1
멋었습,1
장갑차,1
연주가,1
원나라,1
야기,1
멀미,1
장근석,1
먼발치,1
법등,1
경마장,1
먹물,1
먹구름,1
장남,1
장사꾼,1
장서,1
재스민,1
매정,1
애프터눈,1
애잔,1
워싱턴,1
웅징,1
봉화,1
매상,1
재건축,1
부가가치,1
부각,1
재난,1
웅덩이,1
애도,1
부금,1
재래식,1
경물,1
매듭,1
재발,1
매니아,1
재사용,1
재산,1
재상,1
애니매이션,1
애니,1
워커,1
매직,1
장서희,1
봉투,1
박영일,1
액터,1
맨션,1
액정,1
장신구,1
맥심,1
맥스,1
액자,1
장애우,1
맥도날드,1
장양,1
매화,1
장위,1
매트리스,1
장인,1
액수,1
박이상,1
장재,1
장지,1
장진,1
박인환,1
매칭,1
매체,1
일관,1
보증금,1
일견,1
윤장대,1
윤활,1
미관,1
벽해,1
율도,1
여장,1
변덕,1
윷놀이,1
베란다,1
은경,1
뮤지션,1
개발자,1
은박,1
뮤비,1
은사,1
베드룸,1
은신,1
은유,1
여우,1
여소,1
은하수,1
여성화,1
변속기,1
은혜,1
윤중로,1
윤년,1
물치항,1
육화,1
유치부,1
여행가이드,1
미끼,1
유택,1
벼룩시장,1
유튜브,1
유품,1
벽난로,1
유해,1
벽등,1
유형문화재,1
미군기지,1
웨딩촬영,1
유훈,1
여친,1
연락망,1
육박,1
육손,1
육수,1
결점,1
육즙,1
미국달러,1
바다낚시,1
물탱크,1
을지로,1
유체,1
응고,1
응대,1
응봉산,1
응용,1
응원,1
응집,1
응축,1
변천사,1
변통,1
의례,1
여론,1
변환,1
월송리,1
연민,1
연산,1
강릉단오제,1
의방,1
의복,1
여대,1
의사소통,1
별관,1
물방울,1
물발,1
물류,1
응답,1
연무대,1
여서,1
읍,1
음나무,1
음날,1
여생,1
여비,1
변수,1
음모,1
변압기,1
물장구,1
강릉오죽헌,1
결연,1
물자,1
강릉시청,1
음악인,1
음악제,1
음악중심,1
음양,1
음영,1
음유,1
음이온,1
음주,1
음치,1
음해,1
결함,1
벼룩,1
유책,1
의아,1
연구원,1
베이비,1
밑쪽,1
연고,1
민트,1
윌슨,1
윗,1
연경,1
민주화,1
유고,1
유공,1
유관,1
웰빙,1
유구,1
유국,1
유급,1
유기농,1
연거푸,1
베이컨,1
유니온,1
베일,1
유닛,1
유담,1
역활,1
위함,1
강림면,1
웬걸,1
밀리터리,1
연달,1
위대,1
연날리기,1
위령,1
베를린,1
위반,1
위상,1
베스킨라빈스,1
밀폐,1
밀크,1
위압,1
밀양박씨,1
위엔,1
위용,1
연금,1
밀양,1
위인,1
밀봉,1
위장병,1
위장염,1
밀물,1
연근,1
위차,1
유댐,1
웨징시,1
유채꽃,1
유속,1
미용실,1
연두색,1
유실,1
여흥,1
벤치마킹,1
유알,1
유얼,1
유엔,1
유엔군,1
미얀마,1
유연성,1
유예,1
벨소리,1
베르사유,1
미션,1
유익,1
여행기,1
미사일,1
미리보기,1
미량,1
유제,1
미디어아트,1
미니어쳐,1
역광,1
유석,1
민산,1
역궁촌역,1
유랑,1
역임,1
역이기,1
역용,1
유럽인,1
민망,1
유로,1
민간,1
유류,1
믹스,1
역앞,1
유머,1
연대,1
유명산,1
벤츠,1
유명인사,1
유모,1
미풍,1
개막,1
미트볼,1
역무,1
유사시,1
역대,1
물레방아,1
바람개비,1
목자,1
인계,1
무용,1
얼음판,1
무신,1
연속극,1
인기척,1
보답,1
보도블록,1
인덕,1
인덕션,1
무서움,1
인도네시아,1
인라인스케이트,1
보드게임,1
무상,1
인명,1
인문,1
무방,1
무리수,1
무릉도원,1
바지선,1
바캉스,1
인보이스,1
무동,1
엄격,1
인간성,1
원점,1
엄두,1
보구,1
묵주,1
결부,1
묵적,1
연설,1
이참,1
이채,1
이천,1
베개,1
원주목,1
이타,1
무휴,1
엄홍도,1
엄태웅,1
이포,1
무탈,1
엄지,1
무청,1
엄안,1
원주고,1
익숙,1
무정,1
겨울왕국,1
언론사,1
무념,1
이정화,1
인종,1
몸속,1
몸무게,1
보습,1
인지부조화,1
몰살,1
원예,1
인치,1
어지,1
인클로저,1
보온,1
몰골,1
인터레이스,1
인터뷰,1
인터콘티넨탈,1
몫,1
어절,1
어이,1
인플레,1
보족,1
목조건축,1
겨울잠,1
인화,1
보증,1
몸집,1
인조,1
무기물,1
인제읍,1
보리,1
보사노바,1
무궁화호,1
언니,1
인쇄물,1
억제,1
인스타,1
인스턴트,1
인시,1
벚꽃놀이,1
인신,1
무게,1
인양,1
어패류,1
묘역,1
어판장,1
인의,1
인재,1
묘목,1
어트렉션,1
바탕,1
몸짓,1
원이름,1
이족,1
보경사,1
여건,1
이득,1
이란,1
이랜드,1
병역,1
이력,1
엑소,1
이륙,1
문화원,1
월남전,1
에펠탑,1
이메일,1
겸비,1
문학자,1
베고니아,1
이물,1
문학인,1
병영,1
에지,1
이반,1
이방인,1
월간지,1
이벽,1
문학계,1
이보,1
물결,1
물곰,1
문체부,1
이동성,1
물량,1
바람막이,1
의인화,1
물때,1
의적,1
의정,1
의제,1
연산홍,1
별칭,1
엘비스,1
의회,1
이강하,1
병경,1
물기,1
이군,1
병력,1
엔터테이너,1
이끼,1
이끼류,1
이데올로기,1
엔드,1
강릉고,1
이동걸,1
에이전트,1
에이전시,1
이정식,1
이식,1
이안,1
이암,1
에머널드색,1
이어폰,1
이역,1
에머널드,1
이완,1
문산,1
원함,1
강동,1
볕,1
에델바이스,1
에덴동산,1
원한,1
원피스,1
엉덩이,1
보건,1
업종,1
원칙,1
이일,1
문관,1
경계표,1
업소,1
이십분,1
에머럴드,1
이뻣던,1
이승만,1
문집,1
이사부,1
이사원,1
이사회,1
병원,1
강둑,1
에어로빅,1
이상인,1
이상일,1
문전,1
문자열,1
이선,1
이성,1
월간,1
이속,1
이슈,1
병자,1
이스트엔드,1
에비던트,1
문수동,1
바람소리,1
연석,1
병집,1
만리장성,1
만두국,1
만도,1
불허,1
우수,1
신유,1
진사,1
신원,1
진선,1
진섬,1
진시,1
진시황,1
도화,1
신용카드,1
신용,1
진용,1
염불,1
진의,1
진일,1
신수,1
도제,1
신세계,1
진창,1
진출,1
반지,1
진평왕,1
진폐증,1
진보,1
진구,1
불후,1
진과,1
신청서,1
신철원,1
지형도,1
독선,1
신처,1
지휘자,1
직거래,1
직관,1
직렬,1
우울증,1
독서,1
신진,1
독산,1
우울,1
신작로,1
직점,1
독립영화관,1
직탕,1
직판,1
독도,1
진가,1
신작,1
진고,1
불화,1
도입,1
독재자,1
신묘,1
우르르,1
염주,1
집앞,1
도성,1
신록,1
집지,1
집착,1
집촌,1
집터,1
반한,1
집합소,1
집행,1
집회,1
우드,1
신동엽,1
우두동,1
도사,1
신당,1
신농,1
신나라,1
짤,1
도박,1
쪽길,1
집산지,1
염제,1
도움말,1
집밥,1
붓기,1
붕괴,1
진흥,1
붕삼란,1
질병,1
번창,1
질의,1
질적,1
질주,1
질퍽,1
도안,1
도심지,1
짐승,1
우물,1
우림,1
집기,1
집념,1
집단,1
뷰잉,1
도시권,1
신문사,1
집라인,1
집문,1
지하철도,1
지하실,1
쪽빛,1
증빙,1
증서,1
반적,1
증인,1
증정,1
증축,1
동봉,1
실전,1
동방,1
지구력,1
지그재그,1
지근,1
실적,1
경찰관,1
실재,1
실의,1
지난해,1
지네,1
동문,1
우천,1
동면,1
불문,1
우주소년,1
실습선,1
개점휴업,1
실직,1
동등,1
증대,1
중재,1
우편함,1
중종,1
실험,1
반일,1
실향,1
동아리,1
동아,1
불명,1
중화,1
중화권,1
열심,1
쥐,1
쥐라기,1
쥐뿔,1
쥐포,1
즉흥,1
즐감,1
실크,1
즐겨찾기,1
즐비,1
동성,1
실천,1
실습,1
지름,1
우울함,1
돌풍,1
불심,1
지자체,1
불안,1
불운,1
돌집,1
불의,1
지정학,1
지존,1
반주,1
신화,1
돌입,1
염려,1
지척,1
지체,1
신혼부부,1
불충분,1
신호등,1
돌맹이,1
지평,1
돌담,1
신한,1
신학문,1
신하,1
돌파,1
실내수영장,1
지름길,1
지열,1
동기부여,1
지리학자,1
동급생,1
지모,1
지미,1
동극,1
실속,1
지보,1
지부,1
동그랑땡,1
동그라미,1
지브라,1
실상,1
실비,1
동광,1
실버,1
지시,1
동계올림픽,1
동경,1
염기,1
동결,1
동강이,1
불새,1
신기하,1
쫄깃,1
싫증,1
각별,1
영문,1
대우,1
천재,1
비량,1
천주교,1
천주교도,1
대용,1
천지인,1
영산,1
천진시,1
천체,1
천체관측,1
용연,1
시림,1
철강,1
비루,1
철교,1
시리,1
대성전,1
철도공사,1
대설주의보,1
대서,1
철망,1
천은,1
시발,1
철분,1
천안,1
영리,1
처마,1
시시,1
시속,1
대절,1
천곡,1
천곡동,1
대적,1
대장,1
천년기,1
비데,1
천도,1
영묘,1
비둘기,1
시사,1
천만년,1
용융,1
대위,1
비드,1
천보,1
천봉,1
천삼백,1
용월,1
철물,1
철사,1
용인,1
청동기,1
청람,1
시공간,1
대리점,1
비문,1
시계탑,1
청록색,1
청류,1
발목,1
청봉,1
청사,1
갯벌,1
영양,1
대대손손,1
용문,1
청옥,1
밑받침,1
청운,1
청음,1
비빔,1
시가지,1
청정함,1
승희,1
대다수,1
시그널,1
대립,1
시름,1
청대,1
철수,1
철암,1
용역,1
용어,1
대북,1
대본,1
철쭉,1
철책,1
철탑,1
번열,1
갤럭시,1
비르,1
첨단,1
발리볼,1
첩첩산중,1
대미,1
발명왕,1
청간정,1
영수증,1
청과,1
대면,1
영안,1
대만인,1
처름,1
발리,1
쫄깃함,1
차요,1
브론,1
데모,1
식성,1
차제,1
덩이,1
차질,1
식생,1
차태현,1
브리,1
덩어리,1
착공,1
착시사진,1
식비,1
더하기,1
우군,1
식민지,1
찬사,1
브리즈번,1
브리지,1
찰리채플린,1
찰옥수수,1
더치커피,1
우거지,1
차용,1
데시벨,1
영구,1
브로셔,1
찌개,1
찌꺼기,1
염화,1
신규,1
신구,1
도망,1
신관,1
우대,1
백남준,1
신경안,1
차값,1
브레,1
엽고병,1
도량,1
차등,1
도랑,1
도락,1
각위,1
도덕,1
도계읍,1
식해,1
영관,1
브레인,1
식도락,1
개화,1
비구름,1
시정,1
대치,1
창작,1
대출,1
창죽,1
창틀,1
발렌타인,1
창호,1
대추,1
영국인,1
겉모습,1
채도,1
비견,1
채식,1
채식주의자,1
영도,1
채취,1
채택,1
채팅,1
시위,1
책상,1
대쪽,1
시월,1
대진,1
블루투스,1
창옌,1
브릿지,1
시종,1
브이,1
발급,1
발등,1
댕기,1
블러디,1
댓글,1
블럭,1
대혁명,1
참치,1
참회,1
발레,1
대항,1
찻잎,1
시초,1
블루스,1
시집,1
시즌스,1
개회,1
대표자,1
시중,1
창덕궁,1
창립,1
용출,1
중유,1
불량,1
만다린,1
로스,1
경상남도,1
아테네,1
정치범,1
운전대,1
반란,1
정판,1
정평,1
정포,1
정해,1
로마,1
정호,1
로또,1
정확,1
북서쪽,1
아콘,1
로그인,1
제갈량,1
렸어,1
북아메리카,1
북안,1
제관,1
제국,1
제기,1
로션,1
반년,1
아치교,1
정찰,1
정선아리랑,1
악산,1
악사,1
악몽,1
악명,1
북녘,1
운지,1
롤러코스터,1
정신건강,1
정암사,1
정액,1
북동,1
정열,1
록커,1
갈고리,1
정육,1
북로,1
로테이션,1
로케이션,1
정전기,1
아티스트,1
로스팅,1
운종,1
제기차기,1
렌탈샵,1
갈기,1
제출,1
레버,1
레몬,1
레드라인,1
레깅스,1
레고랜드,1
젠더,1
젠틀맨,1
렀,1
북평,1
젤맛,1
간토,1
아이스하키,1
아이스티,1
러시아워,1
조감도,1
북풍,1
러시,1
러닝,1
아이쇼핑,1
아이맥스,1
조구,1
범주,1
랜선,1
아이콘,1
레슬링,1
제등,1
레시피,1
렌탈비,1
렌더링,1
제문,1
제물,1
북유럽,1
레트로,1
아첨,1
제설,1
레코드,1
북인,1
북조선,1
북촌,1
경악,1
아일랜드어,1
경원선,1
제자,1
북카페,1
아인슈타인,1
제작자,1
아이폰,1
제조업체,1
북편,1
레이디,1
리더십,1
정상회담,1
랜드로버,1
부의,1
전파,1
안전훈련,1
마전,1
전화기,1
울프,1
울트라,1
갈증,1
마이크로,1
갈이,1
절구,1
절규,1
마이크,1
절름발,1
반감,1
마음씨,1
절실,1
부적합,1
안양역,1
안양시,1
마안,1
절조,1
안양,1
안식,1
전투복,1
안정감,1
마술사,1
전통의상,1
부와,1
알칼리,1
전염,1
알수없음,1
알몸,1
만경대,1
알림,1
막판,1
알람,1
전자렌지,1
개요,1
안흥면,1
전쟁기념관,1
막바지,1
전제,1
막론,1
막도,1
안함,1
전철역,1
막내,1
전축,1
연합국,1
부응,1
안시,1
점등,1
리딩,1
반곡동,1
안녕,1
정나미,1
부팅,1
안내서,1
부표,1
리플,1
열광,1
안과,1
리폼,1
리퍼,1
갈등,1
리어카,1
정리정돈,1
부피,1
리스,1
안개꽃,1
정반대,1
부하,1
안감,1
리빙,1
북강,1
북경,1
리맵핑,1
운하,1
반격,1
반값,1
마가린,1
점박이,1
점보,1
점선,1
마비,1
울진,1
점심식사,1
울음소리,1
울음,1
점포,1
마블,1
점프샷,1
접경,1
마법사,1
접목,1
접수,1
마리오네트,1
접전,1
마리오,1
마라톤,1
정각,1
안마,1
안링,1
부통령,1
개입,1
랍스터,1
간구,1
뒷골목,1
뒤뜰,1
주입,1
둥지,1
둑길,1
불고기,1
둑,1
십장,1
주조,1
두통,1
두유,1
두려움,1
두레,1
십이,1
두뇌,1
주축,1
주춤,1
된장국,1
주택가,1
주파,1
돛,1
주한,1
동행인,1
주황,1
뒤죽박죽,1
주의보,1
경지,1
뒷길,1
간지,1
쌈장,1
운명,1
쌀렁함,1
반세기,1
드레싱,1
싼타,1
드럼,1
드라이빙,1
주번,1
드라이기,1
주변인,1
불가결,1
싸이클,1
싸이,1
강섬,1
싸구려,1
싸가지,1
주얼리,1
주역,1
뒷맛,1
열목어,1
불가사의,1
경주,1
십여,1
주류,1
중국말,1
동참,1
동차,1
중년,1
동지,1
심지,1
동주,1
범법,1
중등,1
중력,1
중립,1
중립국,1
우호,1
심심,1
중생대,1
심신,1
중소,1
중소기업,1
중시,1
우표,1
동정,1
심기,1
동의어,1
불도,1
심취,1
중국군,1
불공,1
간날,1
죽왕면,1
동태,1
죽지,1
죽헌,1
준공,1
준금속,1
십리,1
준수,1
준지,1
준희,1
간반,1
십대,1
반역,1
줄다리기,1
불국사,1
심포지움,1
줄어듬,1
줄인형,1
간략,1
심층,1
중견,1
중결합,1
중고생,1
주막,1
주둔지,1
아울렛,1
운용,1
떡집,1
조양동,1
분말,1
떡방아,1
조업,1
조예,1
조우,1
조의,1
조인,1
분석,1
조절,1
운영자,1
조종,1
분식집,1
아레나,1
아랫쪽,1
땀방울,1
열람,1
딱다구리,1
디테일,1
아랑곳,1
조화로,1
분위,1
아메리칸,1
떨이,1
반바지,1
경인,1
운율,1
락스,1
라파엘,1
조림,1
조립,1
아우라지,1
아우라,1
라틴,1
조명등,1
분경,1
아슬리,1
조부모,1
라이더,1
아스트로,1
라멘,1
아부지,1
분단국,1
조선왕릉,1
조선왕조,1
뚝,1
조성도,1
조소,1
뙤약볕,1
족발,1
분재,1
분홍,1
종탑,1
들소,1
좌불,1
좌상,1
분지,1
씨트,1
좌악,1
좌우,1
분추,1
들머리,1
운모,1
분출,1
쑥탕,1
쑥,1
죄악,1
죠스,1
쏘나타,1
분파,1
주거지,1
썰렁,1
쌍욕,1
주년,1
쌍벽,1
쌍둥이,1
종파,1
씬,1
족탕,1
아가시,1
등하교,1
존경심,1
등품,1
아담,1
좀비,1
등정,1
종각역,1
아궁이,1
종국,1
열량,1
등식,1
등성이,1
종사,1
종소리,1
종식,1
종업원,1
종유굴,1
경쟁력,1
등뒤,1
등대지기,1
종전,1
경쟁자,1
종주,1
오손,1
